,Name,Querylist
0,Olli-Pekka Heinonen,"['Olli-Pekka Heinos*', 'Olli-Pekka Heinonen*']"
1,Jyrki Katainen,"['Jyrki Katais*', 'Jyrki Katainen*']"
2,Jari Koskinen,"['Jari Koskis*', 'Jari Koskinen*']"
3,Sirpa Pietikäinen,"['Sirpa Pietikäis*', 'Sirpa Pietikäinen*']"
4,Riitta Uosukainen,"['Riitta Uosukais*', 'Riitta Uosukainen*']"
5,Marjaana Koskinen,"['Marjaana Koskis*', 'Marjaana Koskinen*']"
6,Pekka Kuosmanen,"['Pekka Kuosmas*', 'Pekka Kuosmanen*']"
7,Esko Kurvinen,"['Esko Kurvis*', 'Esko Kurvinen*']"
8,Kari Kantalainen,"['Kari Kantalais*', 'Kari Kantalainen*']"
9,Marjukka Karttunen,"['Marjukka Karttus*', 'Marjukka Karttunen*']"
10,Paula Kokkonen,"['Paula Kokkos*', 'Paula Kokkonen*']"
11,Riitta Korhonen,"['Riitta Korhos*', 'Riitta Korhonen*']"
12,Olli Nepponen,"['Olli Neppos*', 'Olli Nepponen*']"
13,Irja Tulonen,"['Irja Tulos*', 'Irja Tulonen*']"
14,Jouko Jääskeläinen,"['Jouko Jääskeläis*', 'Jouko Jääskeläinen*']"
15,Päivi Räsänen,"['Päivi Räsäs*', 'Päivi Räsänen*']"
16,Leea Hiltunen,"['Leea Hiltus*', 'Leea Hiltunen*']"
17,Marja-Leena Kemppainen,"['Marja-Leena Kemppais*', 'Marja-Leena Kemppainen*']"
18,Kari Kärkkäinen,"['Kari Kärkkäis*', 'Kari Kärkkäinen*']"
19,Margareta Pietikäinen,"['Margareta Pietikäis*', 'Margareta Pietikäinen*']"
20,Martti Korhonen,"['Martti Korhos*', 'Martti Korhonen*']"
21,Pentti Tiusanen,"['Pentti Tiusas*', 'Pentti Tiusanen*']"
22,Marjatta Stenius-Kaukonen,"['Marjatta Stenius-Kaukos*', 'Marjatta Stenius-Kaukonen*']"
23,Mikko Immonen,"['Mikko Immos*', 'Mikko Immonen*']"
24,Katja Syvärinen,"['Katja Syväris*', 'Katja Syvärinen*']"
25,Jorma Vokkolainen,"['Jorma Vokkolais*', 'Jorma Vokkolainen*']"
26,Marja-Liisa Tykkyläinen,"['Marja-Liisa Tykkyläis*', 'Marja-Liisa Tykkyläinen*']"
27,Pertti Turtiainen,"['Pertti Turtiais*', 'Pertti Turtiainen*']"
28,Erkki Pulliainen,"['Erkki Pulliais*', 'Erkki Pulliainen*']"
29,Paavo Väyrynen,"['Paavo Väyrys*', 'Paavo Väyrynen*']"
30,Seppo Kääriäinen,"['Seppo Kääriäis*', 'Seppo Kääriäinen*']"
31,Hannes Manninen,"['Hannes Mannis*', 'Hannes Manninen*']"
32,Mauri Pekkarinen,"['Mauri Pekkaris*', 'Mauri Pekkarinen*']"
33,Matti Vanhanen,"['Matti Vanhas*', 'Matti Vanhanen*']"
34,Anu Vehviläinen,"['Anu Vehviläis*', 'Anu Vehviläinen*']"
35,Jorma Huuhtanen,"['Jorma Huuhtas*', 'Jorma Huuhtanen*']"
36,Niilo Keränen,"['Niilo Keräs*', 'Niilo Keränen*']"
37,Markku Laukkanen,"['Markku Laukkas*', 'Markku Laukkanen*']"
38,Frans Leppänen,"['Frans Leppäs*', 'Frans Leppänen*']"
39,Pekka Nousiainen,"['Pekka Nousiais*', 'Pekka Nousiainen*']"
40,Lauri Oinonen,"['Lauri Oinos*', 'Lauri Oinonen*']"
41,Mirja Ryynänen,"['Mirja Ryynäs*', 'Mirja Ryynänen*']"
42,Jaana Ylä-Mononen,"['Jaana Ylä-Monos*', 'Jaana Ylä-Mononen*']"
43,Tuula Haatainen,"['Tuula Haatais*', 'Tuula Haatainen*']"
44,Tarja Halonen,"['Tarja Halos*', 'Tarja Halonen*']"
45,Rakel Hiltunen,"['Rakel Hiltus*', 'Rakel Hiltunen*']"
46,Lauri Kähkönen,"['Lauri Kähkös*', 'Lauri Kähkönen*']"
47,Kimmo Kiljunen,"['Kimmo Kiljus*', 'Kimmo Kiljunen*']"
48,Antero Kekkonen,"['Antero Kekkos*', 'Antero Kekkonen*']"
49,Johannes Koskinen,"['Johannes Koskis*', 'Johannes Koskinen*']"
50,Paavo Lipponen,"['Paavo Lippos*', 'Paavo Lipponen*']"
51,Pia Viitanen,"['Pia Viitas*', 'Pia Viitanen*']"
52,Kari Urpilainen,"['Kari Urpilais*', 'Kari Urpilainen*']"
53,Susanna Huovinen,"['Susanna Huovis*', 'Susanna Huovinen*']"
54,Tapio Karjalainen,"['Tapio Karjalais*', 'Tapio Karjalainen*']"
55,Reijo Laitinen,"['Reijo Laitis*', 'Reijo Laitinen*']"
56,Leena Luhtanen,"['Leena Luhtas*', 'Leena Luhtanen*']"
57,Raimo Mähönen,"['Raimo Mähös*', 'Raimo Mähönen*']"
58,Susanna Rahkonen,"['Susanna Rahkos*', 'Susanna Rahkonen*']"
59,Matti Saarinen,"['Matti Saaris*', 'Matti Saarinen*']"
60,Säde Tahvanainen,"['Säde Tahvanais*', 'Säde Tahvanainen*']"
61,Esko Ahonen,"['Esko Ahos*', 'Esko Ahonen*']"
62,Hannu Hoskonen,"['Hannu Hoskos*', 'Hannu Hoskonen*']"
63,Sinikka Hurskainen,"['Sinikka Hurskais*', 'Sinikka Hurskainen*']"
64,Tuomo Hänninen,"['Tuomo Hännis*', 'Tuomo Hänninen*']"
65,Antti Kaikkonen,"['Antti Kaikkos*', 'Antti Kaikkonen*']"
66,Tatja Karvonen,"['Tatja Karvos*', 'Tatja Karvonen*']"
67,Rauno Kettunen,"['Rauno Kettus*', 'Rauno Kettunen*']"
68,Anneli Kiljunen,"['Anneli Kiljus*', 'Anneli Kiljunen*']"
69,Kalevi Lamminen,"['Kalevi Lammis*', 'Kalevi Lamminen*']"
70,Minna Lintonen,"['Minna Lintos*', 'Minna Lintonen*']"
71,Rosa Meriläinen,"['Rosa Meriläis*', 'Rosa Meriläinen*']"
72,Riikka Moilanen-Savolainen,"['Riikka Moilanen-Savolais*', 'Riikka Moilanen-Savolainen*']"
73,Tapani Mäkinen,"['Tapani Mäkis*', 'Tapani Mäkinen*']"
74,Reijo Paajanen,"['Reijo Paajas*', 'Reijo Paajanen*']"
75,Eero Reijonen,"['Eero Reijos*', 'Eero Reijonen*']"
76,Arto Satonen,"['Arto Satos*', 'Arto Satonen*']"
77,Kimmo Tiilikainen,"['Kimmo Tiilikais*', 'Kimmo Tiilikainen*']"
78,Oras Tynkkynen,"['Oras Tynkkys*', 'Oras Tynkkynen*']"
79,Jutta Urpilainen,"['Jutta Urpilais*', 'Jutta Urpilainen*']"
80,Erkki Virtanen,"['Erkki Virtas*', 'Erkki Virtanen*']"
81,Tuula Väätäinen,"['Tuula Väätäis*', 'Tuula Väätäinen*']"
82,Hannakaisa Heikkinen,"['Hannakaisa Heikkis*', 'Hannakaisa Heikkinen*']"
83,Timo Heinonen,"['Timo Heinos*', 'Timo Heinonen*']"
84,Kalle Jokinen,"['Kalle Jokis*', 'Kalle Jokinen*']"
85,Heli Järvinen,"['Heli Järvis*', 'Heli Järvinen*']"
86,Pietari Jääskeläinen,"['Pietari Jääskeläis*', 'Pietari Jääskeläinen*']"
87,Elsi Katainen,"['Elsi Katais*', 'Elsi Katainen*']"
88,Timo Korhonen,"['Timo Korhos*', 'Timo Korhonen*']"
89,Merja Kyllönen,"['Merja Kyllös*', 'Merja Kyllönen*']"
90,Päivi Lipponen,"['Päivi Lippos*', 'Päivi Lipponen*']"
91,Markku Pakkanen,"['Markku Pakkas*', 'Markku Pakkanen*']"
92,Tuula Peltonen,"['Tuula Peltos*', 'Tuula Peltonen*']"
93,Raimo Piirainen,"['Raimo Piirais*', 'Raimo Piirainen*']"
94,Pertti Salolainen,"['Pertti Salolais*', 'Pertti Salolainen*']"
95,Ilkka Viljanen,"['Ilkka Viljas*', 'Ilkka Viljanen*']"
96,Henna Virkkunen,"['Henna Virkkus*', 'Henna Virkkunen*']"
97,Anne-Mari Virolainen,"['Anne-Mari Virolais*', 'Anne-Mari Virolainen*']"
98,Pertti Virtanen,"['Pertti Virtas*', 'Pertti Virtanen*']"
99,Sanni Grahn-Laasonen,"['Sanni Grahn-Laasos*', 'Sanni Grahn-Laasonen*']"
100,Satu Haapanen,"['Satu Haapas*', 'Satu Haapanen*']"
101,Teuvo Hakkarainen,"['Teuvo Hakkarais*', 'Teuvo Hakkarainen*']"
102,Katja Hänninen,"['Katja Hännis*', 'Katja Hänninen*']"
103,Lauri Ihalainen,"['Lauri Ihalais*', 'Lauri Ihalainen*']"
104,Olli Immonen,"['Olli Immos*', 'Olli Immonen*']"
105,Ari Jalonen,"['Ari Jalos*', 'Ari Jalonen*']"
106,Arja Juvonen,"['Arja Juvos*', 'Arja Juvonen*']"
107,Pentti Kettunen,"['Pentti Kettus*', 'Pentti Kettunen*']"
108,Suna Kymäläinen,"['Suna Kymäläis*', 'Suna Kymäläinen*']"
109,Anne Louhelainen,"['Anne Louhelais*', 'Anne Louhelainen*']"
110,Merja Mäkisalo-Ropponen,"['Merja Mäkisalo-Roppos*', 'Merja Mäkisalo-Ropponen*']"
111,Pentti Oinonen,"['Pentti Oinos*', 'Pentti Oinonen*']"
112,Aino-Kaisa Pekonen,"['Aino-Kaisa Pekos*', 'Aino-Kaisa Pekonen*']"
113,Jaana Pelkonen,"['Jaana Pelkos*', 'Jaana Pelkonen*']"
114,Mika Raatikainen,"['Mika Raatikais*', 'Mika Raatikainen*']"
115,Kristiina Salonen,"['Kristiina Salos*', 'Kristiina Salonen*']"
116,Eila Tiainen,"['Eila Tiais*', 'Eila Tiainen*']"
117,Maria Tolppanen,"['Maria Tolppas*', 'Maria Tolppanen*']"
118,Kari Tolvanen,"['Kari Tolvas*', 'Kari Tolvanen*']"
119,Ari Torniainen,"['Ari Torniais*', 'Ari Torniainen*']"
120,Reijo Tossavainen,"['Reijo Tossavais*', 'Reijo Tossavainen*']"
121,Tytti Tuppurainen,"['Tytti Tuppurais*', 'Tytti Tuppurainen*']"
122,Kaj Turunen,"['Kaj Turus*', 'Kaj Turunen*']"
123,Kauko Tuupainen,"['Kauko Tuupais*', 'Kauko Tuupainen*']"
124,Anu Urpalainen,"['Anu Urpalais*', 'Anu Urpalainen*']"
125,Juha Väätäinen,"['Juha Väätäis*', 'Juha Väätäinen*']"
126,Pertti Hakanen,"['Pertti Hakas*', 'Pertti Hakanen*']"
127,Petri Honkonen,"['Petri Honkos*', 'Petri Honkonen*']"
128,Antti Häkkänen,"['Antti Häkkäs*', 'Antti Häkkänen*']"
129,Hanna Kosonen,"['Hanna Kosos*', 'Hanna Kosonen*']"
130,Antti Kurvinen,"['Antti Kurvis*', 'Antti Kurvinen*']"
131,Antero Laukkanen,"['Antero Laukkas*', 'Antero Laukkanen*']"
132,Krista Mikkonen,"['Krista Mikkos*', 'Krista Mikkonen*']"
133,Kai Mykkänen,"['Kai Mykkäs*', 'Kai Mykkänen*']"
134,Riitta Mäkinen,"['Riitta Mäkis*', 'Riitta Mäkinen*']"
135,Ilmari Nurminen,"['Ilmari Nurmis*', 'Ilmari Nurminen*']"
136,Olli-Poika Parviainen,"['Olli-Poika Parviais*', 'Olli-Poika Parviainen*']"
137,Ulla Parviainen,"['Ulla Parviais*', 'Ulla Parviainen*']"
138,Jari Ronkainen,"['Jari Ronkais*', 'Jari Ronkainen*']"
139,Joona Räsänen,"['Joona Räsäs*', 'Joona Räsänen*']"
140,Hanna Sarkkinen,"['Hanna Sarkkis*', 'Hanna Sarkkinen*']"
141,Satu Taavitsainen,"['Satu Taavitsais*', 'Satu Taavitsainen*']"
142,Matti Torvinen,"['Matti Torvis*', 'Matti Torvinen*']"
143,Juhana Vartiainen,"['Juhana Vartiais*', 'Juhana Vartiainen*']"
144,Eerikki Viljanen,"['Eerikki Viljas*', 'Eerikki Viljanen*']"
145,Sauli Niinistö,"['Sauli Niinistö*', 'Sauli Niinistö*']"
146,Ismo Seivästö,"['Ismo Seivästö*', 'Ismo Seivästö*']"
147,Matti Väistö,"['Matti Väistö*', 'Matti Väistö*']"
148,Minna Sirnö,"['Minna Sirnö*', 'Minna Sirnö*']"
149,Ville Niinistö,"['Ville Niinistö*', 'Ville Niinistö*']"
150,Sanna Perkiö,"['Sanna Perkiö*', 'Sanna Perkiö*']"
151,Lasse Männistö,"['Lasse Männistö*', 'Lasse Männistö*']"
152,Jussi Niinistö,"['Jussi Niinistö*', 'Jussi Niinistö*']"
153,Kirsi Ojansuu,"['Kirsi Ojansuu*', 'Kirsi Ojansuu*']"
154,Saara Karhu,"['Saara Karhu*', 'Saara Karhu*']"
155,Krista Kiuru,"['Krista Kiuru*', 'Krista Kiuru*']"
156,Pauli Kiuru,"['Pauli Kiuru*', 'Pauli Kiuru*']"
157,Kalervo Kummola,['Kalervo Kummola*']
158,Seppo Kanerva,['Seppo Kanerva*']
159,Ilkka Kanerva,['Ilkka Kanerva*']
160,Pertti Mäki-Hakola,['Pertti Mäki-Hakola*']
161,Kirsi Piha,['Kirsi Piha*']
162,Marja Tiura,['Marja Tiura*']
163,Sari Sarkomaa,['Sari Sarkomaa*']
164,Markku Markkula,['Markku Markkula*']
165,Leena Rauhala,['Leena Rauhala*']
166,Raimo Vistbacka,['Raimo Vistbacka*']
167,Outi Ojala,['Outi Ojala*']
168,Matti Huutola,['Matti Huutola*']
169,Kari Uotila,['Kari Uotila*']
170,Osmo Soininvaara,['Osmo Soininvaara*']
171,Ulla Anttila,['Ulla Anttila*']
172,Sirkka-Liisa Anttila,['Sirkka-Liisa Anttila*']
173,Maria Kaisa Aula,['Maria Kaisa Aula*']
174,Tytti Isohookana-Asunmaa,['Tytti Isohookana-Asunmaa*']
175,Juha Korkeaoja,['Juha Korkeaoja*']
176,Tanja Karpela,['Tanja Karpela*']
177,Hannu Takkula,['Hannu Takkula*']
178,Seppo Lahtela,['Seppo Lahtela*']
179,Kyösti Karjula,['Kyösti Karjula*']
180,Inkeri Kerola,['Inkeri Kerola*']
181,Timo Korva,['Timo Korva*']
182,Juha Rehula,['Juha Rehula*']
183,Pekka Vilkuna,['Pekka Vilkuna*']
184,Risto Kuisma,['Risto Kuisma*']
185,Erkki Tuomioja,['Erkki Tuomioja*']
186,Ulla Juurola,['Ulla Juurola*']
187,Erkki Kanerva,['Erkki Kanerva*']
188,Esa Lahtela,['Esa Lahtela*']
189,Jukka Mikkola,['Jukka Mikkola*']
190,Marjatta Vehkaoja,['Marjatta Vehkaoja*']
191,Sirpa Asko-Seljavaara,['Sirpa Asko-Seljavaara*']
192,Susanna Haapoja,['Susanna Haapoja*']
193,Heidi Hautala,['Heidi Hautala*']
194,Lasse Hautala,['Lasse Hautala*']
195,Eero Heinäluoma,['Eero Heinäluoma*']
196,Tanja Saarela,['Tanja Saarela*']
197,Matti Kauppila,['Matti Kauppila*']
198,Miapetra Kumpula,['Miapetra Kumpula*']
199,Eero Lankia,['Eero Lankia*']
200,Reino Ojala,['Reino Ojala*']
201,Heikki Ollila,['Heikki Ollila*']
202,Lyly Rajala,['Lyly Rajala*']
203,Pertti Salovaara,['Pertti Salovaara*']
204,Ahti Vielma,['Ahti Vielma*']
205,Juha Hakola,['Juha Hakola*']
206,Timo Juurikkala,['Timo Juurikkala*']
207,Ilkka Kantola,['Ilkka Kantola*']
208,Arja Karhuvaara,['Arja Karhuvaara*']
209,Sampsa Kataja,['Sampsa Kataja*']
210,Tuomo Puumala,['Tuomo Puumala*']
211,Katja Taimela,['Katja Taimela*']
212,Tuulikki Ukkola,['Tuulikki Ukkola*']
213,Juho Eerola,['Juho Eerola*']
214,Ritva Elomaa,['Ritva Elomaa*']
215,Johanna Jurva,['Johanna Jurva*']
216,Pia Kauma,['Pia Kauma*']
217,Anna Kontula,['Anna Kontula*']
218,Jukka Kopra,['Jukka Kopra*']
219,Laila Koskela,['Laila Koskela*']
220,Maria Lohela,['Maria Lohela*']
221,Eeva-Maria Maijala,['Eeva-Maria Maijala*']
222,Pirkko Mattila,['Pirkko Mattila*']
223,Markku Mäntymaa,['Markku Mäntymaa*']
224,Mikael Palola,['Mikael Palola*']
225,Vesa-Matti Saarakkala,['Vesa-Matti Saarakkala*']
226,Mikko Savola,['Mikko Savola*']
227,Ismo Soukola,['Ismo Soukola*']
228,Jani Toivola,['Jani Toivola*']
229,Tiina Elovaara,['Tiina Elovaara*']
230,Maria Guzenina,['Maria Guzenina*']
231,Marisanna Jarva,['Marisanna Jarva*']
232,Kari Kulmala,['Kari Kulmala*']
233,Jaana Laitinen-Pesola,['Jaana Laitinen-Pesola*']
234,Hanna-Leena Mattila,['Hanna-Leena Mattila*']
235,Sari Multala,['Sari Multala*']
236,Eija Nivala,['Eija Nivala*']
237,Pekka Puska,['Pekka Puska*']
238,Sari Raassina,['Sari Raassina*']
239,Martti Talja,['Martti Talja*']
240,Antero Vartia,['Antero Vartia*']
241,Eero Akaan-Penttilä,['Eero Akaan-Penttilä*']
242,Ville Itälä,['Ville Itälä*']
243,Pertti Hemmilä,['Pertti Hemmilä*']
244,Timo Seppälä,['Timo Seppälä*']
245,Esko-Juhani Tennilä,['Esko-Juhani Tennilä*']
246,Olavi Ala-Nissilä,['Olavi Ala-Nissilä*']
247,Mika Lintilä,['Mika Lintilä*']
248,Jari Leppä,['Jari Leppä*']
249,Eero Lämsä,['Eero Lämsä*']
250,Tero Mölsä,['Tero Mölsä*']
251,Jukka Vihriälä,['Jukka Vihriälä*']
252,Liisa Hyssälä,['Liisa Hyssälä*']
253,Arto Seppälä,['Arto Seppälä*']
254,Jukka Mäkelä,['Jukka Mäkelä*']
255,Outi Mäkelä,['Outi Mäkelä*']
256,Johanna Ojala-Niemelä,['Johanna Ojala-Niemelä*']
257,Mirja Vehkaperä,['Mirja Vehkaperä*']
258,Markku Eestilä,['Markku Eestilä*']
259,Lauri Heikkilä,['Lauri Heikkilä*']
260,Kimmo Kivelä,['Kimmo Kivelä*']
261,Jukka Kärnä,['Jukka Kärnä*']
262,Lea Mäkipää,['Lea Mäkipää*']
263,Hanna Mäntylä,['Hanna Mäntylä*']
264,Martti Mölsä,['Martti Mölsä*']
265,Juha Sipilä,['Juha Sipilä*']
266,Hanna Halmeenpää,['Hanna Halmeenpää*']
267,Mikko Kärnä,['Mikko Kärnä*']
268,Jani Mäkelä,['Jani Mäkelä*']
269,Anne Holmlund,['Anne Holmlund*']
270,Rainer Erlund,['Rainer Erlund*']
271,Mats Nylund,['Mats Nylund*']
272,Carl Haglund,['Carl Haglund*']
273,Joakim Strand,['Joakim Strand*']
274,Suvi Lindén,['Suvi Lindén*']
275,Jari Vilén,['Jari Vilén*']
276,Lasse Virén,['Lasse Virén*']
277,Christina Gestrin,['Christina Gestrin*']
278,Håkan Nordman,['Håkan Nordman*']
279,Gunnar Jansson,['Gunnar Jansson*']
280,Janina Andersson,['Janina Andersson*']
281,Irina Krohn,['Irina Krohn*']
282,Jouni Backman,['Jouni Backman*']
283,Jukka Gustafsson,['Jukka Gustafsson*']
284,Kalevi Olin,['Kalevi Olin*']
285,Harry Wallin,['Harry Wallin*']
286,Roger Jansson,['Roger Jansson*']
287,Simo Rundgren,['Simo Rundgren*']
288,Claes Andersson,['Claes Andersson*']
289,Maria Guzenina-Richardson,['Maria Guzenina-Richardson*']
290,Anna-Maja Henriksson,['Anna-Maja Henriksson*']
291,Jacob Söderman,['Jacob Söderman*']
292,Tommy Tabermann,['Tommy Tabermann*']
293,Stefan Wallin,['Stefan Wallin*']
294,Antti Lindtman,['Antti Lindtman*']
295,Tom Packalén,['Tom Packalén*']
296,Sofia Vikman,['Sofia Vikman*']
297,Peter Östman,['Peter Östman*']
298,Li Andersson,['Li Andersson*']
299,Sanna Marin,['Sanna Marin*']
300,Olli Rehn,['Olli Rehn*']
301,Wille Rydman,['Wille Rydman*']
302,Saara-Sofia Sirén,['Saara-Sofia Sirén*']
303,Kaarina Dromberg,['Kaarina Dromberg*']
304,Klaus Hellberg,['Klaus Hellberg*']
305,Tarja Cronberg,['Tarja Cronberg*']
306,Hanna-Leena Hemming,['Hanna-Leena Hemming*']
307,Silvia Modig,['Silvia Modig*']
308,Ben Zyskowicz,['Ben Zyskowicz*']
309,Anders Adlercreutz,['Anders Adlercreutz*']
310,Juhani Sjöblom,['Juhani Sjöblom*']
311,Jan-Erik Enestam,['Jan-Erik Enestam*']
312,Marjo Matikainen-Kallström,['Marjo Matikainen-Kallström*']
313,Sari Palm,['Sari Palm*']
314,Jari Lindström,['Jari Lindström*']
315,Mats Löfström,['Mats Löfström*']
316,Eva Biaudet,['Eva Biaudet*']
317,Maija-Liisa Lindqvist,['Maija-Liisa Lindqvist*']
318,Thomas Blomqvist,['Thomas Blomqvist*']
319,Tarja Tallqvist,['Tarja Tallqvist*']
320,Henrik Lax,['Henrik Lax*']
321,Tuija Brax,['Tuija Brax*']
322,Nils-Anders Granvik,['Nils-Anders Granvik*']
323,Maija Rask,['Maija Rask*']
324,Pehr Löv,['Pehr Löv*']
325,Tarja Filatov,['Tarja Filatov*']
326,Ola Rosendahl,['Ola Rosendahl*']
327,Jouko Laxell,['Jouko Laxell*']
328,Marko Asell,['Marko Asell*']
329,Leena Harkimo,['Leena Harkimo*']
330,Raija Vahasalo,['Raija Vahasalo*']
331,Juha Karpio,['Juha Karpio*']
332,Maija Perho,['Maija Perho*']
333,Petri Salo,['Petri Salo*']
334,Veijo Puhjo,['Veijo Puhjo*']
335,Jaakko Laakso,['Jaakko Laakso*']
336,Esko Aho,['Esko Aho*']
337,Hannu Aho,['Hannu Aho*']
338,Aulis Ranta-Muotio,['Aulis Ranta-Muotio*']
339,Mauri Salo,['Mauri Salo*']
340,Heli Paasio,['Heli Paasio*']
341,Mikko Elo,['Mikko Elo*']
342,Reijo Kallio,['Reijo Kallio*']
343,Tarja Kautto,"['Tarja Kauto*', 'Tarja Kautto*']"
344,Pirkko Peltomo,['Pirkko Peltomo*']
345,Virpa Puisto,['Virpa Puisto*']
346,Mikko Alatalo,['Mikko Alatalo*']
347,Arja Alho,['Arja Alho*']
348,Kauko Juhantalo,['Kauko Juhantalo*']
349,Sirpa Paatero,['Sirpa Paatero*']
350,Paula Risikko,['Paula Risikko*']
351,Satu Taiveaho,['Satu Taiveaho*']
352,Outi Alanko-Kahiluoto,['Outi Alanko-Kahiluoto*']
353,Risto Autio,['Risto Autio*']
354,Pekka Haavisto,['Pekka Haavisto*']
355,Ulla Karvo,['Ulla Karvo*']
356,Timo Kaunisto,['Timo Kaunisto*']
357,Merja Kuusisto,['Merja Kuusisto*']
358,Juha Mieto,['Juha Mieto*']
359,Petteri Orpo,['Petteri Orpo*']
360,Paula Sihto,['Paula Sihto*']
361,Jyrki Yrttiaho,['Jyrki Yrttiaho*']
362,Heikki Autto,"['Heikki Auto*', 'Heikki Autto*']"
363,Jussi Halla-aho,['Jussi Halla-aho*']
364,Reijo Hongisto,['Reijo Hongisto*']
365,Osmo Kokko,"['Osmo Koko*', 'Osmo Kokko*']"
366,Mika Niikko,"['Mika Niiko*', 'Mika Niikko*']"
367,Annika Saarikko,"['Annika Saariko*', 'Annika Saarikko*']"
368,Janne Sankelo,['Janne Sankelo*']
369,Hanna Tainio,['Hanna Tainio*']
370,Sinuhe Wallinheimo,['Sinuhe Wallinheimo*']
371,Touko Aalto,"['Touko Aallo*', 'Touko Aalto*']"
372,Simon Elo,['Simon Elo*']
373,Harry Harkimo,['Harry Harkimo*']
374,Mia Laiho,['Mia Laiho*']
375,Rami Lehto,['Rami Lehto*']
376,Veera Ruoho,['Veera Ruoho*']
377,Sami Savio,['Sami Savio*']
378,Ville Tavio,['Ville Tavio*']
379,Sampo Terho,['Sampo Terho*']
380,Klaus Bremer,['Klaus Bremer*']
381,Jörn Donner,['Jörn Donner*']
382,Mikaela Nylander,['Mikaela Nylander*']
383,Elisabeth Nauclér,['Elisabeth Nauclér*']
384,Pirkko Ruohonen-Lerner,['Pirkko Ruohonen-Lerner*']
385,Mikael Jungner,['Mikael Jungner*']
386,Riitta Myller,['Riitta Myller*']
387,Anne Berner,['Anne Berner*']
388,Nasima Razmyar,['Nasima Razmyar*']
389,Ozan Yanar,['Ozan Yanar*']
390,Sari Essayah,['Sari Essayah*']
391,Alexander Stubb,['Alexander Stubb*']
392,Jyri Häkämies,"['Jyri Häkämiehe*', 'Jyri Häkämies*']"
393,Pekka Ravi,['Pekka Ravi*']
394,Kimmo Sasi,['Kimmo Sasi*']
395,Pirjo-Riitta Antvuori,"['Pirjo-Riitta Antvuor*', 'Pirjo-Riitta Antvuore*']"
396,Timo Ihamäki,"['Timo Ihamäe*', 'Timo Ihamäke*', 'Timo Ihamäki*']"
397,Jouni Lehtimäki,"['Jouni Lehtimäe*', 'Jouni Lehtimäke*Jouni Lehtimäki*']"
398,Hanna Markkula-Kivisilta,"['Hanna Markkula-Kivisilla*', 'Hanna Markkula-Kivisilta*']"
399,Tuija Nurmi,"['Tuija Nurme*', 'Tuija Nurmi*']"
400,Martti Tiuri,['Martti Tiuri*']
401,Sulo Aittoniemi,"['Sulo Aittonieme*', 'Sulo Aittoniemi*']"
402,Bjarne Kallis,"['Bjarne Kallikse*', 'Bjarne Kallis*']"
403,Toimi Kankaanniemi,"['Toimi Kankaannieme*', 'Toimi Kankaanniemi*']"
404,Sakari Smeds,['Sakari Smeds*']
405,Ulla-Maj Wideroos,['Ulla-Maj Wideroos*']
406,Esko Helle,"['Esko Helle*', 'Esko Helte*', 'Esko Helle*']"
407,Annika Lapintie,['Annika Lapintie*']
408,Suvi-Anne Siimes,"['Suvi-Anne Siimekse*', 'Suvi-Anne Siimes*']"
409,Anne Huotari,['Anne Huotari*']
410,Matti Kangas,"['Matti Kankaa*', 'Matti Kangas*']"
411,Iivo Polvi,"['Iivo Polve*', 'Iivo Polvi*']"
412,Unto Valpas,"['Unto Valppaa*', 'Unto Valpas*']"
413,Merikukka Forsius,"['Merikukka Forsiukse*', 'Merikukka Forsius*']"
414,Satu Hassi,['Satu Hassi*']
415,Anni Sinnemäki,"['Anni Sinnemäe*', 'Anni Sinnemäke*', 'Anni Sinnemäki*']"
416,Rauha-Maria Mertjärvi,"['Rauha-Maria Mertjärve*', 'Rauha-Maria Mertjärvi*']"
417,Anneli Jäätteenmäki,"['Anneli Jäätteenmäe*', 'Anneli Jäätteenmäke*', 'Anneli Jäätteenmäki*']"
418,Timo Kalli,['Timo Kalli*']
419,Mari Kiviniemi,"['Mari Kivinieme*', 'Mari Kiviniemi*']"
420,Paula Lehtomäki,"['Paula Lehtomäe*', 'Paula Lehtomäke*', 'Paula Lehtomäki*']"
421,Katri Komi,['Katri Komi*']
422,Ossi Korteniemi,"['Ossi Kortenieme*', 'Ossi Korteniemi*']"
423,Kari Myllyniemi,"['Kari Myllynieme*', 'Kari Myllyniemi*']"
424,Petri Neittaanmäki,"['Petri Neittaanmäe*', 'Petri Neittaanmäke*', 'Petri Neittaanmäki*']"
425,Antti Rantakangas,"['Antti Rantakankaa*', 'Antti Rantakangas*', 'Antti Rantakangas*']"
426,Markku Rossi,['Markku Rossi*']
427,Pauli Saapunki,"['Pauli Saapungi*', 'Pauli Saapunki*']"
428,Ilkka Taipale,"['Ilkka Taipal*', 'Ilkka Taipale*']"
429,Liisa Jaakonsaari,"['Liisa Jaakonsaar*', 'Liisa Jaakonsaare*', 'Liisa Jaakonsaari*']"
430,Antti Kalliomäki,"['Antti Kalliomäke*', 'Antti Kalliomäe*', 'Antti Kalliomäki*']"
431,Kari Rajamäki,"['Kari Rajamäke*', 'Kari Rajamäe*', 'Kari Rajamäki*']"
432,Jouko Skinnari,['Jouko Skinnari*']
433,Valto Koski,"['Valto Koske*', 'Valto Koski*']"
434,Sinikka Mönkäre,['Sinikka Mönkäre*']
435,Riitta Prusti,['Riitta Prusti*']
436,Jussi Ranta,"['Jussi Ranna*', 'Jussi Ranta*']"
437,Tero Rönni,['Tero Rönni*']
438,Matti Vähänäkki,"['Matti Vähänäki*', 'Matti Vähänäkki*']"
439,Matti Ahde,"['Matti Ahte*', 'Matti Ahde*']"
440,Arto Bryggare,['Arto Bryggare*']
441,Tony Halme,['Tony Halme*']
442,Jyrki Kasvi,['Jyrki Kasvi*']
443,Esko Kiviranta,"['Esko Kiviranna*', 'Esko Kiviranta*']"
444,Markku Koski,"['Markku Koske*', 'Markku Koski*']"
445,Jere Lahti,"['Jere Lahte*', 'Jere Lahde*', 'Jere Lahti*']"
446,Markus Mustajärvi,"['Markus Mustajärve*', 'Markus Mustajärvi*']"
447,Aila Paloniemi,"['Aila Palonieme*', 'Aila Paloniemi*']"
448,Terhi Peltokorpi,"['Terhi Peltokorpe*', 'Terhi Peltokorve*', 'Terhi Peltokorpi*']"
449,Klaus Pentti,"['Klaus Pentti*', 'Klaus Penti*']"
450,Jukka Roos,['Jukka Roos*']
451,Martin Saarikangas,"['Martin Saarikankaa*', 'Martin Saarikangas*']"
452,Timo Soini,['Timo Soini*']
453,Johanna Sumuvuori,"['Johanna Sumuvuor*', 'Johanna Sumuvuori*']"
454,Seppo Särkiniemi,"['Seppo Särkinieme*', 'Seppo Särkiniemi*']"
455,Astrid Thors,['Astrid Thors*']
456,Tapani Tölli,['Tapani Tölli*']
457,Jan Vapaavuori,"['Jan Vapaavuor*', 'Jan Vapaavuori*']"
458,Paavo Arhinmäki,"['Paavo Arhinmäe*', 'Paavo Arhinmäke*', 'Paavo Arhinmäki*']"
459,Maarit Feldt-Ranta,"['Maarit Feldt-Ranna*', 'Maarit Feldt-Ranta*']"
460,Harri Jaskari,['Harri Jaskari*']
461,Anne Kalmari,['Anne Kalmari*']
462,Oiva Kaltiokumpu,"['Oiva Kaltiokummu*', 'Oiva Kaltiokumpu*']"
463,Johanna Karimäki,"['Johanna Karimäe*', 'Johanna Karimäke*', 'Johanna Karimäki*']"
464,Miapetra Kumpula-Natri,['Miapetra Kumpula-Natri*']
465,Sanna Lauslahti,"['Sanna Lauslahde*', 'Sanna Lauslahte*', 'Sanna Lauslahti*']"
466,Eero Lehti,"['Eero Lehde*', 'Eero Lehte*', 'Eero Lehti*']"
467,Pentti Juhani,['Pentti Juhani*']
468,Petri Pihlajaniemi,"['Petri Pihlajanieme*', 'Petri Pihlajaniemi*']"
469,Janne Seurujärvi,"['Janne Seurujärve*', 'Janne Seurujärvi*']"
470,Markku Uusipaavalniemi,"['Markku Uusipaavalnieme*', 'Markku Uusipaavalniemi*']"
471,Pauliina Viitamies,"['Pauliina Viitamiehe*', 'Pauliina Viitamies*']"
472,Antti Vuolanne,"['Antti Vuolantee*', 'Antti Vuolanne*']"
473,Sauli Ahvenjärvi,"['Sauli Ahvenjärve*', 'Sauli Ahvenjärvi*']"
474,Eeva-Johanna Eloranta,"['Eeva-Johanna Eloranna*', 'Eeva-Johanna Eloranta*']"
475,Lars Gästgivars,['Lars Gästgivars*']
476,James Hirvisaari,"['James Hirvisaar*', 'James Hirvisaari*']"
477,Anssi Joutsenlahti,"['Anssi Joutsenlahte*', 'Anssi Joutsenlahde*', 'Anssi Joutsenlahti*']"
478,Risto Kalliorinne,"['Risto Kalliorintee*', 'Risto Kalliorinne*']"
479,Mika Kari,['Mika Kari*']
480,Elina Lepomäki,"['Elina Lepomäke*', 'Elina Lepomäe*', 'Elina Lepomäki*']"
481,Markus Lohi,"['Markus Lohe*', 'Markus Loh*', 'Markus Lohi*']"
482,Jari Myllykoski,"['Jari Myllykoske*', 'Jari Myllykoski*']"
483,Arto Pirttilahti,"['Arto Pirttilahde*', 'Arto Pirttilahte*', 'Arto Pirttilahti*']"
484,Eero Suutari,['Eero Suutari*']
485,Ville Vähämäki,"['Ville Vähämäe*', 'Ville Vähämäke*', 'Ville Vähämäki*']"
486,Laura Huhtasaari,"['Laura Huhtasaare*', 'Laura Huhtasaar*', 'Laura Huhtasaari*']"
487,Emma Kari,['Emma Kari*']
488,Susanna Koski,"['Susanna Koske*', 'Susanna Koski*']"
489,Katri Kulmuni,['Katri Kulmuni*']
490,Leena Meri,"['Leena Mere*', 'Leena Mer*', 'Leena Meri*']"
491,Juha Pylväs,"['Juha Pylväkse*', 'Juha Pylväs*']"
492,Veronica Rehn-Kivi,"['Veronica Rehn-Kive*', 'Veronica Rehn-Kivi*']"
493,Antti Rinne,"['Antti Rintee*', 'Antti Rinne*']"
494,Matti Semi,['Matti Semi*']
495,Ville Skinnari,['Ville Skinnari*']
496,Mari-Leena Talvitie,['Mari-Leena Talvitie*']
497,Sari Tanus,"['Sari Tanukse*', 'Sari Tanus*']"
498,Pilvi Torsti,['Pilvi Torsti*']
499,Mikko Kuoppa,"['Mikko Kuopa*', 'Mikko Kuoppa*']"
500,Osmo Puhakka,"['Osmo Puhaka*', 'Osmo Puhakka*']"
501,Jari Lairikka,"['Jari Lairika*', 'Jari Lairikka*']"
502,Lenita Toivakka,"['Lenita Toivaka*', 'Lenita Toivakka*']"
503,Timo Harakka,"['Timo Haraka*', 'Timo Harakka*']"
