,name,party,firstname,lastname,position,years,key
0,"Akaan-Penttilä, Eero",Kokoomus,Eero,Akaan-Penttilä,,1999-2003,Eero_Akaan-Penttilä
1,"Harkimo, Leena",Kokoomus,Leena,Harkimo,,1999-2003,Leena_Harkimo
2,"Heinonen, Olli-Pekka",Kokoomus,Olli-Pekka,Heinonen,Liikenneministeri;; Liikenne- ja viestintäministeri,1999-2003,Olli-Pekka_Heinonen
3,"Holmlund, Anne",Kokoomus,Anne,Holmlund,,1999-2003,Anne_Holmlund
4,"Häkämies, Jyri",Kokoomus,Jyri,Häkämies,,1999-2003,Jyri_Häkämies
5,"Itälä, Ville",Kokoomus,Ville,Itälä,Pääministerin sijainen;; Sisäasiainministeri,1999-2003,Ville_Itälä
6,"Katainen, Jyrki",Kokoomus,Jyrki,Katainen,,1999-2003,Jyrki_Katainen
7,"Kummola, Kalervo",Kokoomus,Kalervo,Kummola,,1999-2003,Kalervo_Kummola
8,"Koskinen, Jari",Kokoomus,Jari,Koskinen,Maa- ja metsätalousministeri,1999-2003,Jari_Koskinen
9,"Kanerva, Seppo",Kokoomus,Seppo,Kanerva,,1999-2003,Seppo_Kanerva
10,"Kanerva, Ilkka",Kokoomus,Ilkka,Kanerva,,1999-2003,Ilkka_Kanerva
11,"Hemmilä, Pertti",Kokoomus,Pertti,Hemmilä,,1999-2003,Pertti_Hemmilä
12,"Lindén, Suvi",Kokoomus,Suvi,Lindén,Kulttuuriministeri,1999-2003,Suvi_Lindén
13,"Niinistö, Sauli",Kokoomus,Sauli,Niinistö,Pääministerin sijainen;; Valtiovarainministeri,1999-2003,Sauli_Niinistö
14,"Mäki-Hakola, Pertti",Kokoomus,Pertti,Mäki-Hakola,,1999-2003,Pertti_Mäki-Hakola
15,"Pietikäinen, Sirpa",Kokoomus,Sirpa,Pietikäinen,,1999-2003,Sirpa_Pietikäinen
16,"Piha, Kirsi",Kokoomus,Kirsi,Piha,,1999-2003,Kirsi_Piha
17,"Ravi, Pekka",Kokoomus,Pekka,Ravi,,1999-2003,Pekka_Ravi
18,"Vilén, Jari",Kokoomus,Jari,Vilén,Ministeri valtioneuvoston kansliassa;; Ulkomaankauppaministeri;; Ministeri kauppa- ja teollisuusministeriössä,1999-2003,Jari_Vilén
19,"Virén, Lasse",Kokoomus,Lasse,Virén,,1999-2003,Lasse_Virén
20,"Vahasalo, Raija",Kokoomus,Raija,Vahasalo,,1999-2003,Raija_Vahasalo
21,"Tiura, Marja",Kokoomus,Marja,Tiura,,1999-2003,Marja_Tiura
22,"Uosukainen, Riitta",Kokoomus,Riitta,Uosukainen,,1999-2003,Riitta_Uosukainen
23,"Sarkomaa, Sari",Kokoomus,Sari,Sarkomaa,,1999-2003,Sari_Sarkomaa
24,"Sasi, Kimmo",Kokoomus,Kimmo,Sasi,Ministeri valtioneuvoston kansliassa;; Ulkomaankauppaministeri;; Liikenne- ja viestintäministeri;; Ministeri kauppa- ja teollisuusministeriössä,1999-2003,Kimmo_Sasi
25,"Koskinen, Marjaana",Kokoomus,Marjaana,Koskinen,,1999-2003,Marjaana_Koskinen
26,"Kuosmanen, Pekka",Kokoomus,Pekka,Kuosmanen,,1999-2003,Pekka_Kuosmanen
27,"Kurvinen, Esko",Kokoomus,Esko,Kurvinen,,1999-2003,Esko_Kurvinen
28,"Antvuori, Pirjo-Riitta",Kokoomus,Pirjo-Riitta,Antvuori,,1999-2003,Pirjo-Riitta_Antvuori
29,"Dromberg, Kaarina",Kokoomus,Kaarina,Dromberg,Kulttuuriministeri,1999-2003,Kaarina_Dromberg
30,"Ihamäki, Timo",Kokoomus,Timo,Ihamäki,,1999-2003,Timo_Ihamäki
31,"Kantalainen, Kari",Kokoomus,Kari,Kantalainen,,1999-2003,Kari_Kantalainen
32,"Karpio, Juha",Kokoomus,Juha,Karpio,,1999-2003,Juha_Karpio
33,"Karttunen, Marjukka",Kokoomus,Marjukka,Karttunen,,1999-2003,Marjukka_Karttunen
34,"Kokkonen, Paula",Kokoomus,Paula,Kokkonen,,1999-2003,Paula_Kokkonen
35,"Korhonen, Riitta",Kokoomus,Riitta,Korhonen,,1999-2003,Riitta_Korhonen
36,"Lehtimäki, Jouni",Kokoomus,Jouni,Lehtimäki,,1999-2003,Jouni_Lehtimäki
37,"Zyskowicz, Ben",Kokoomus,Ben,Zyskowicz,,1999-2003,Ben_Zyskowicz
38,"Markkula-Kivisilta, Hanna",Kokoomus,Hanna,Markkula-Kivisilta,,1999-2003,Hanna_Markkula-Kivisilta
39,"Markkula, Markku",Kokoomus,Markku,Markkula,,1999-2003,Markku_Markkula
40,"Nepponen, Olli",Kokoomus,Olli,Nepponen,,1999-2003,Olli_Nepponen
41,"Nurmi, Tuija",Kokoomus,Tuija,Nurmi,,1999-2003,Tuija_Nurmi
42,"Perho, Maija",Kokoomus,Maija,Perho,Sosiaali- ja terveysministeri,1999-2003,Maija_Perho
43,"Salo, Petri",Kokoomus,Petri,Salo,,1999-2003,Petri_Salo
44,"Seppälä, Timo",Kokoomus,Timo,Seppälä,,1999-2003,Timo_Seppälä
45,"Sjöblom, Juhani",Kokoomus,Juhani,Sjöblom,,1999-2003,Juhani_Sjöblom
46,"Tiuri, Martti",Kokoomus,Martti,Tiuri,,1999-2003,Martti_Tiuri
47,"Tulonen, Irja",Kokoomus,Irja,Tulonen,,1999-2003,Irja_Tulonen
48,"Aittoniemi, Sulo",alkiolainen,Sulo,Aittoniemi,,1999-2003,Sulo_Aittoniemi
49,"Kallis, Bjarne",Kristillisdemokraatit,Bjarne,Kallis,,1999-2003,Bjarne_Kallis
50,"Kankaanniemi, Toimi",Kristillisdemokraatit,Toimi,Kankaanniemi,,1999-2003,Toimi_Kankaanniemi
51,"Jääskeläinen, Jouko",Kristillisdemokraatit,Jouko,Jääskeläinen,,1999-2003,Jouko_Jääskeläinen
52,"Räsänen, Päivi",Kristillisdemokraatit,Päivi,Räsänen,,1999-2003,Päivi_Räsänen
53,"Hiltunen, Leea",Kristillisdemokraatit,Leea,Hiltunen,,1999-2003,Leea_Hiltunen
54,"Kemppainen, Marja-Leena",Kristillisdemokraatit,Marja-Leena,Kemppainen,,1999-2003,Marja-Leena_Kemppainen
55,"Kärkkäinen, Kari",Kristillisdemokraatit,Kari,Kärkkäinen,,1999-2003,Kari_Kärkkäinen
56,"Rauhala, Leena",Kristillisdemokraatit,Leena,Rauhala,,1999-2003,Leena_Rauhala
57,"Seivästö, Ismo",Kristillisdemokraatit,Ismo,Seivästö,,1999-2003,Ismo_Seivästö
58,"Smeds, Sakari",Kristillisdemokraatit,Sakari,Smeds,,1999-2003,Sakari_Smeds
59,"Vistbacka, Raimo",Perussuomalaiset,Raimo,Vistbacka,,1999-2003,Raimo_Vistbacka
60,"Biaudet, Eva",RKP,Eva,Biaudet,Peruspalveluministeri;; Peruspalveluministeri,1999-2003,Eva_Biaudet
61,"Enestam, Jan-Erik",RKP,Jan-Erik,Enestam,Ministeri ulkoasiainministeriössä;; Puolustusministeri,1999-2003,Jan-Erik_Enestam
62,"Erlund, Rainer",RKP,Rainer,Erlund,,1999-2003,Rainer_Erlund
63,"Gestrin, Christina",RKP,Christina,Gestrin,,1999-2003,Christina_Gestrin
64,"Lax, Henrik",RKP,Henrik,Lax,,1999-2003,Henrik_Lax
65,"Pietikäinen, Margareta",RKP,Margareta,Pietikäinen,,1999-2003,Margareta_Pietikäinen
66,"Nordman, Håkan",RKP,Håkan,Nordman,,1999-2003,Håkan_Nordman
67,"Bremer, Klaus",RKP,Klaus,Bremer,,1999-2003,Klaus_Bremer
68,"Granvik, Nils-Anders",RKP,Nils-Anders,Granvik,,1999-2003,Nils-Anders_Granvik
69,"Jansson, Gunnar",RKP,Gunnar,Jansson,,1999-2003,Gunnar_Jansson
70,"Wideroos, Ulla-Maj",RKP,Ulla-Maj,Wideroos,,1999-2003,Ulla-Maj_Wideroos
71,"Löv, Pehr",RKP,Pehr,Löv,,1999-2003,Pehr_Löv
72,"Rosendahl, Ola",RKP,Ola,Rosendahl,,1999-2003,Ola_Rosendahl
73,"Helle, Esko",Vasemmistoliitto,Esko,Helle,,1999-2003,Esko_Helle
74,"Korhonen, Martti",Vasemmistoliitto,Martti,Korhonen,Alue- ja kuntaministeri,1999-2003,Martti_Korhonen
75,"Lapintie, Annika",Vasemmistoliitto,Annika,Lapintie,,1999-2003,Annika_Lapintie
76,"Ojala, Outi",Vasemmistoliitto,Outi,Ojala,,1999-2003,Outi_Ojala
77,"Puhjo, Veijo",Vasemmistoliitto,Veijo,Puhjo,,1999-2003,Veijo_Puhjo
78,"Tiusanen, Pentti",Vasemmistoliitto,Pentti,Tiusanen,,1999-2003,Pentti_Tiusanen
79,"Tennilä, Esko-Juhani",Vasemmistoliitto,Esko-Juhani,Tennilä,,1999-2003,Esko-Juhani_Tennilä
80,"Stenius-Kaukonen, Marjatta",Vasemmistoliitto,Marjatta,Stenius-Kaukonen,,1999-2003,Marjatta_Stenius-Kaukonen
81,"Siimes, Suvi-Anne",Vasemmistoliitto,Suvi-Anne,Siimes,Ministeri ulkoasiainministeriössä;; Ministeri valtiovarainministeriössä;; Ministeri ympäristöministeriössä,1999-2003,Suvi-Anne_Siimes
82,"Huotari, Anne",Vasemmistoliitto,Anne,Huotari,,1999-2003,Anne_Huotari
83,"Huutola, Matti",Vasemmistoliitto,Matti,Huutola,,1999-2003,Matti_Huutola
84,"Immonen, Mikko",Vasemmistoliitto,Mikko,Immonen,,1999-2003,Mikko_Immonen
85,"Kangas, Matti",Vasemmistoliitto,Matti,Kangas,,1999-2003,Matti_Kangas
86,"Kuoppa, Mikko",Vasemmistoliitto,Mikko,Kuoppa,,1999-2003,Mikko_Kuoppa
87,"Laakso, Jaakko",Vasemmistoliitto,Jaakko,Laakso,,1999-2003,Jaakko_Laakso
88,"Polvi, Iivo",Vasemmistoliitto,Iivo,Polvi,,1999-2003,Iivo_Polvi
89,"Syvärinen, Katja",Vasemmistoliitto,Katja,Syvärinen,,1999-2003,Katja_Syvärinen
90,"Uotila, Kari",Vasemmistoliitto,Kari,Uotila,,1999-2003,Kari_Uotila
91,"Valpas, Unto",Vasemmistoliitto,Unto,Valpas,,1999-2003,Unto_Valpas
92,"Vokkolainen, Jorma",Vasemmistoliitto,Jorma,Vokkolainen,,1999-2003,Jorma_Vokkolainen
93,"Tykkyläinen, Marja-Liisa",Vasemmistoliitto,Marja-Liisa,Tykkyläinen,,1999-2003,Marja-Liisa_Tykkyläinen
94,"Turtiainen, Pertti",Vasemmistoliitto,Pertti,Turtiainen,,1999-2003,Pertti_Turtiainen
95,"Andersson, Janina",Vihreät,Janina,Andersson,,1999-2003,Janina_Andersson
96,"Brax, Tuija",Vihreät,Tuija,Brax,,1999-2003,Tuija_Brax
97,"Forsius, Merikukka",Vihreät,Merikukka,Forsius,,1999-2003,Merikukka_Forsius
98,"Hassi, Satu",Vihreät,Satu,Hassi,Ministeri ulkoasiainministeriössä;; Ympäristöministeri,1999-2003,Satu_Hassi
99,"Krohn, Irina",Vihreät,Irina,Krohn,,1999-2003,Irina_Krohn
100,"Ojansuu, Kirsi",Vihreät,Kirsi,Ojansuu,,1999-2003,Kirsi_Ojansuu
101,"Pulliainen, Erkki",Vihreät,Erkki,Pulliainen,,1999-2003,Erkki_Pulliainen
102,"Soininvaara, Osmo",Vihreät,Osmo,Soininvaara,Peruspalveluministeri,1999-2003,Osmo_Soininvaara
103,"Sinnemäki, Anni",Vihreät,Anni,Sinnemäki,,1999-2003,Anni_Sinnemäki
104,"Anttila, Ulla",Vihreät,Ulla,Anttila,,1999-2003,Ulla_Anttila
105,"Mertjärvi, Rauha-Maria",Vihreät,Rauha-Maria,Mertjärvi,,1999-2003,Rauha-Maria_Mertjärvi
106,"Aho, Esko",Keskusta,Esko,Aho,,1999-2003,Esko_Aho
107,"Ala-Nissilä, Olavi",Keskusta,Olavi,Ala-Nissilä,,1999-2003,Olavi_Ala-Nissilä
108,"Anttila, Sirkka-Liisa",Keskusta,Sirkka-Liisa,Anttila,,1999-2003,Sirkka-Liisa_Anttila
109,"Aula, Maria Kaisa",Keskusta,Maria Kaisa,Aula,,1999-2003,Maria Kaisa_Aula
110,"Isohookana-Asunmaa, Tytti",Keskusta,Tytti,Isohookana-Asunmaa,,1999-2003,Tytti_Isohookana-Asunmaa
111,"Jäätteenmäki, Anneli",Keskusta,Anneli,Jäätteenmäki,,1999-2003,Anneli_Jäätteenmäki
112,"Kalli, Timo",Keskusta,Timo,Kalli,,1999-2003,Timo_Kalli
113,"Väyrynen, Paavo",Keskusta,Paavo,Väyrynen,,1999-2003,Paavo_Väyrynen
114,"Kiviniemi, Mari",Keskusta,Mari,Kiviniemi,,1999-2003,Mari_Kiviniemi
115,"Korkeaoja, Juha",Keskusta,Juha,Korkeaoja,,1999-2003,Juha_Korkeaoja
116,"Kääriäinen, Seppo",Keskusta,Seppo,Kääriäinen,,1999-2003,Seppo_Kääriäinen
117,"Lehtomäki, Paula",Keskusta,Paula,Lehtomäki,,1999-2003,Paula_Lehtomäki
118,"Manninen, Hannes",Keskusta,Hannes,Manninen,,1999-2003,Hannes_Manninen
119,"Pekkarinen, Mauri",Keskusta,Mauri,Pekkarinen,,1999-2003,Mauri_Pekkarinen
120,"Karpela, Tanja",Keskusta,Tanja,Karpela,,1999-2003,Tanja_Karpela
121,"Vanhanen, Matti",Keskusta,Matti,Vanhanen,,1999-2003,Matti_Vanhanen
122,"Vehviläinen, Anu",Keskusta,Anu,Vehviläinen,,1999-2003,Anu_Vehviläinen
123,"Takkula, Hannu",Keskusta,Hannu,Takkula,,1999-2003,Hannu_Takkula
124,"Lintilä, Mika",Keskusta,Mika,Lintilä,,1999-2003,Mika_Lintilä
125,"Aho, Hannu",Keskusta,Hannu,Aho,,1999-2003,Hannu_Aho
126,"Lahtela, Seppo",Keskusta,Seppo,Lahtela,,1999-2003,Seppo_Lahtela
127,"Huuhtanen, Jorma",Keskusta,Jorma,Huuhtanen,,1999-2003,Jorma_Huuhtanen
128,"Karjula, Kyösti",Keskusta,Kyösti,Karjula,,1999-2003,Kyösti_Karjula
129,"Kerola, Inkeri",Keskusta,Inkeri,Kerola,,1999-2003,Inkeri_Kerola
130,"Keränen, Niilo",Keskusta,Niilo,Keränen,,1999-2003,Niilo_Keränen
131,"Komi, Katri",Keskusta,Katri,Komi,,1999-2003,Katri_Komi
132,"Korteniemi, Ossi",Keskusta,Ossi,Korteniemi,,1999-2003,Ossi_Korteniemi
133,"Korva, Timo",Keskusta,Timo,Korva,,1999-2003,Timo_Korva
134,"Laukkanen, Markku",Keskusta,Markku,Laukkanen,,1999-2003,Markku_Laukkanen
135,"Leppä, Jari",Keskusta,Jari,Leppä,,1999-2003,Jari_Leppä
136,"Leppänen, Frans",Keskusta,Frans,Leppänen,,1999-2003,Frans_Leppänen
137,"Lämsä, Eero",Keskusta,Eero,Lämsä,,1999-2003,Eero_Lämsä
138,"Myllyniemi, Kari",Keskusta,Kari,Myllyniemi,,1999-2003,Kari_Myllyniemi
139,"Mölsä, Tero",Keskusta,Tero,Mölsä,,1999-2003,Tero_Mölsä
140,"Neittaanmäki, Petri",Keskusta,Petri,Neittaanmäki,,1999-2003,Petri_Neittaanmäki
141,"Nousiainen, Pekka",Keskusta,Pekka,Nousiainen,,1999-2003,Pekka_Nousiainen
142,"Oinonen, Lauri",Keskusta,Lauri,Oinonen,,1999-2003,Lauri_Oinonen
143,"Puhakka, Osmo",Keskusta,Osmo,Puhakka,,1999-2003,Osmo_Puhakka
144,"Ranta-Muotio, Aulis",Keskusta,Aulis,Ranta-Muotio,,1999-2003,Aulis_Ranta-Muotio
145,"Rantakangas, Antti",Keskusta,Antti,Rantakangas,,1999-2003,Antti_Rantakangas
146,"Rehula, Juha",Keskusta,Juha,Rehula,,1999-2003,Juha_Rehula
147,"Rossi, Markku",Keskusta,Markku,Rossi,,1999-2003,Markku_Rossi
148,"Ryynänen, Mirja",Keskusta,Mirja,Ryynänen,,1999-2003,Mirja_Ryynänen
149,"Saapunki, Pauli",Keskusta,Pauli,Saapunki,,1999-2003,Pauli_Saapunki
150,"Salo, Mauri",Keskusta,Mauri,Salo,,1999-2003,Mauri_Salo
151,"Vihriälä, Jukka",Keskusta,Jukka,Vihriälä,,1999-2003,Jukka_Vihriälä
152,"Vilkuna, Pekka",Keskusta,Pekka,Vilkuna,,1999-2003,Pekka_Vilkuna
153,"Väistö, Matti",Keskusta,Matti,Väistö,,1999-2003,Matti_Väistö
154,"Ylä-Mononen, Jaana",Keskusta,Jaana,Ylä-Mononen,,1999-2003,Jaana_Ylä-Mononen
155,"Hyssälä, Liisa",Keskusta,Liisa,Hyssälä,,1999-2003,Liisa_Hyssälä
156,"Backman, Jouni",SDP,Jouni,Backman,Ympäristöministeri,1999-2003,Jouni_Backman
157,"Filatov, Tarja",SDP,Tarja,Filatov,Työministeri,1999-2003,Tarja_Filatov
158,"Gustafsson, Jukka",SDP,Jukka,Gustafsson,,1999-2003,Jukka_Gustafsson
159,"Haatainen, Tuula",SDP,Tuula,Haatainen,,1999-2003,Tuula_Haatainen
160,"Taipale, Ilkka",SDP,Ilkka,Taipale,,1999-2003,Ilkka_Taipale
161,"Halonen, Tarja",SDP,Tarja,Halonen,Ulkoasiainministeri,1999-2003,Tarja_Halonen
162,"Hiltunen, Rakel",SDP,Rakel,Hiltunen,,1999-2003,Rakel_Hiltunen
163,"Jaakonsaari, Liisa",SDP,Liisa,Jaakonsaari,,1999-2003,Liisa_Jaakonsaari
164,"Kalliomäki, Antti",SDP,Antti,Kalliomäki,,1999-2003,Antti_Kalliomäki
165,"Kähkönen, Lauri",SDP,Lauri,Kähkönen,,1999-2003,Lauri_Kähkönen
166,"Kiljunen, Kimmo",SDP,Kimmo,Kiljunen,,1999-2003,Kimmo_Kiljunen
167,"Kekkonen, Antero",SDP,Antero,Kekkonen,,1999-2003,Antero_Kekkonen
168,"Koskinen, Johannes",SDP,Johannes,Koskinen,Oikeusministeri,1999-2003,Johannes_Koskinen
169,"Kuisma, Risto",SDP,Risto,Kuisma,,1999-2003,Risto_Kuisma
170,"Lipponen, Paavo",SDP,Paavo,Lipponen,Pääministeri,1999-2003,Paavo_Lipponen
171,"Paasio, Heli",SDP,Heli,Paasio,,1999-2003,Heli_Paasio
172,"Rajamäki, Kari",SDP,Kari,Rajamäki,,1999-2003,Kari_Rajamäki
173,"Viitanen, Pia",SDP,Pia,Viitanen,,1999-2003,Pia_Viitanen
174,"Tuomioja, Erkki",SDP,Erkki,Tuomioja,Ulkoasiainministeri;; Kauppa- ja teollisuusministeri,1999-2003,Erkki_Tuomioja
175,"Urpilainen, Kari",SDP,Kari,Urpilainen,,1999-2003,Kari_Urpilainen
176,"Skinnari, Jouko",SDP,Jouko,Skinnari,,1999-2003,Jouko_Skinnari
177,"Elo, Mikko",SDP,Mikko,Elo,,1999-2003,Mikko_Elo
178,"Huovinen, Susanna",SDP,Susanna,Huovinen,,1999-2003,Susanna_Huovinen
179,"Juurola, Ulla",SDP,Ulla,Juurola,,1999-2003,Ulla_Juurola
180,"Kallio, Reijo",SDP,Reijo,Kallio,,1999-2003,Reijo_Kallio
181,"Kanerva, Erkki",SDP,Erkki,Kanerva,,1999-2003,Erkki_Kanerva
182,"Karhu, Saara",SDP,Saara,Karhu,,1999-2003,Saara_Karhu
183,"Karjalainen, Tapio",SDP,Tapio,Karjalainen,,1999-2003,Tapio_Karjalainen
184,"Kautto, Tarja",SDP,Tarja,Kautto,,1999-2003,Tarja_Kautto
185,"Koski, Valto",SDP,Valto,Koski,,1999-2003,Valto_Koski
186,"Lahtela, Esa",SDP,Esa,Lahtela,,1999-2003,Esa_Lahtela
187,"Laitinen, Reijo",SDP,Reijo,Laitinen,,1999-2003,Reijo_Laitinen
188,"Luhtanen, Leena",SDP,Leena,Luhtanen,,1999-2003,Leena_Luhtanen
189,"Mikkola, Jukka",SDP,Jukka,Mikkola,,1999-2003,Jukka_Mikkola
190,"Mähönen, Raimo",SDP,Raimo,Mähönen,,1999-2003,Raimo_Mähönen
191,"Mönkäre, Sinikka",SDP,Sinikka,Mönkäre,Kauppa- ja teollisuusministeri;; Työministeri,1999-2003,Sinikka_Mönkäre
192,"Olin, Kalevi",SDP,Kalevi,Olin,,1999-2003,Kalevi_Olin
193,"Peltomo, Pirkko",SDP,Pirkko,Peltomo,,1999-2003,Pirkko_Peltomo
194,"Prusti, Riitta",SDP,Riitta,Prusti,,1999-2003,Riitta_Prusti
195,"Puisto, Virpa",SDP,Virpa,Puisto,,1999-2003,Virpa_Puisto
196,"Rahkonen, Susanna",SDP,Susanna,Rahkonen,,1999-2003,Susanna_Rahkonen
197,"Ranta, Jussi",SDP,Jussi,Ranta,,1999-2003,Jussi_Ranta
198,"Rask, Maija",SDP,Maija,Rask,Opetusministeri,1999-2003,Maija_Rask
199,"Rönni, Tero",SDP,Tero,Rönni,,1999-2003,Tero_Rönni
200,"Saarinen, Matti",SDP,Matti,Saarinen,,1999-2003,Matti_Saarinen
201,"Seppälä, Arto",SDP,Arto,Seppälä,,1999-2003,Arto_Seppälä
202,"Tahvanainen, Säde",SDP,Säde,Tahvanainen,,1999-2003,Säde_Tahvanainen
203,"Vehkaoja, Marjatta",SDP,Marjatta,Vehkaoja,,1999-2003,Marjatta_Vehkaoja
204,"Vähänäkki, Matti",SDP,Matti,Vähänäkki,,1999-2003,Matti_Vähänäkki
205,"Wallin, Harry",SDP,Harry,Wallin,,1999-2003,Harry_Wallin
206,"Hellberg, Klaus",SDP,Klaus,Hellberg,,1999-2003,Klaus_Hellberg
207,"Kuisma, Risto",remonttiryhmä,Risto,Kuisma,,1999-2003,Risto_Kuisma
0,"Ahde, Matti",SDP,Matti,Ahde, ,2003-2007,Matti_Ahde
1,"Ahonen, Esko",Keskusta,Esko,Ahonen, ,2003-2007,Esko_Ahonen
2,"Akaan-Penttilä, Eero",Kokoomus,Eero,Akaan-Penttilä, ,2003-2007,Eero_Akaan-Penttilä
3,"Ala-Nissilä, Olavi",Keskusta,Olavi,Ala-Nissilä, ,2003-2007,Olavi_Ala-Nissilä
4,"Alatalo, Mikko",Keskusta,Mikko,Alatalo, ,2003-2007,Mikko_Alatalo
5,"Alho, Arja",SDP,Arja,Alho, ,2003-2007,Arja_Alho
6,"Andersson, Janina",Vihreät,Janina,Andersson, ,2003-2007,Janina_Andersson
7,"Anttila, Sirkka-Liisa",Keskusta,Sirkka-Liisa,Anttila, ,2003-2007,Sirkka-Liisa_Anttila
8,"Anttila, Ulla",Vihreät,Ulla,Anttila, ,2003-2007,Ulla_Anttila
9,"Asko-Seljavaara, Sirpa",Kokoomus,Sirpa,Asko-Seljavaara, ,2003-2007,Sirpa_Asko-Seljavaara
10,"Backman, Jouni",SDP,Jouni,Backman, ,2003-2007,Jouni_Backman
11,"Biaudet, Eva",RKP,Eva,Biaudet, ,2003-2007,Eva_Biaudet
12,"Brax, Tuija",Vihreät,Tuija,Brax, ,2003-2007,Tuija_Brax
13,"Bryggare, Arto",SDP,Arto,Bryggare, ,2003-2007,Arto_Bryggare
14,"Cronberg, Tarja",Vihreät,Tarja,Cronberg, ,2003-2007,Tarja_Cronberg
15,"Donner, Jörn",RKP,Jörn,Donner, ,2003-2007,Jörn_Donner
16,"Dromberg, Kaarina",Kokoomus,Kaarina,Dromberg, ,2003-2007,Kaarina_Dromberg
17,"Elo, Mikko",SDP,Mikko,Elo, ,2003-2007,Mikko_Elo
18,"Enestam, Jan-Erik",RKP,Jan-Erik,Enestam, Ministeri ulkoasiainministeriössä;; Ympäristöministeri;;Ministeri ulkoasiainministeriössä;; Ympäristöministeri;;,2003-2007,Jan-Erik_Enestam
19,"Essayah, Sari",Kristillisdemokraatit,Sari,Essayah, ,2003-2007,Sari_Essayah
20,"Filatov, Tarja",SDP,Tarja,Filatov, Työministeri;;Työministeri;;,2003-2007,Tarja_Filatov
21,"Forsius, Merikukka",Vihreät,Merikukka,Forsius, ,2003-2007,Merikukka_Forsius
22,"Gestrin, Christina",RKP,Christina,Gestrin, ,2003-2007,Christina_Gestrin
23,"Granvik, Nils-Anders",RKP,Nils-Anders,Granvik, ,2003-2007,Nils-Anders_Granvik
24,"Gustafsson, Jukka",SDP,Jukka,Gustafsson, ,2003-2007,Jukka_Gustafsson
25,"Haapoja, Susanna",Keskusta,Susanna,Haapoja, ,2003-2007,Susanna_Haapoja
26,"Haatainen, Tuula",SDP,Tuula,Haatainen, Opetusministeri;;Opetusministeri;; Sosiaali- ja terveysministeri;;,2003-2007,Tuula_Haatainen
27,"Halme, Tony",Perussuomalaiset,Tony,Halme, ,2003-2007,Tony_Halme
28,"Harkimo, Leena",Kokoomus,Leena,Harkimo, ,2003-2007,Leena_Harkimo
29,"Hassi, Satu",Vihreät,Satu,Hassi, ,2003-2007,Satu_Hassi
30,"Hautala, Heidi",Vihreät,Heidi,Hautala, ,2003-2007,Heidi_Hautala
31,"Hautala, Lasse",Keskusta,Lasse,Hautala, ,2003-2007,Lasse_Hautala
32,"Heinäluoma, Eero",SDP,Eero,Heinäluoma, Pääministerin sijainen;; Valtiovarainministeri;;,2003-2007,Eero_Heinäluoma
33,"Hellberg, Klaus",SDP,Klaus,Hellberg, ,2003-2007,Klaus_Hellberg
34,"Hemmilä, Pertti",Kokoomus,Pertti,Hemmilä, ,2003-2007,Pertti_Hemmilä
35,"Hemming, Hanna-Leena",Kokoomus,Hanna-Leena,Hemming, ,2003-2007,Hanna-Leena_Hemming
36,"Hiltunen, Rakel",SDP,Rakel,Hiltunen, ,2003-2007,Rakel_Hiltunen
37,"Holmlund, Anne",Kokoomus,Anne,Holmlund, ,2003-2007,Anne_Holmlund
38,"Hoskonen, Hannu",Keskusta,Hannu,Hoskonen, ,2003-2007,Hannu_Hoskonen
39,"Huotari, Anne",Vasemmistoliitto,Anne,Huotari, ,2003-2007,Anne_Huotari
40,"Huovinen, Susanna",SDP,Susanna,Huovinen, Liikenne- ja viestintäministeri;;,2003-2007,Susanna_Huovinen
41,"Hurskainen, Sinikka",SDP,Sinikka,Hurskainen, ,2003-2007,Sinikka_Hurskainen
42,"Hyssälä, Liisa",Keskusta,Liisa,Hyssälä, Peruspalveluministeri;;Peruspalveluministeri;;,2003-2007,Liisa_Hyssälä
43,"Häkämies, Jyri",Kokoomus,Jyri,Häkämies, ,2003-2007,Jyri_Häkämies
44,"Hänninen, Tuomo",Keskusta,Tuomo,Hänninen, ,2003-2007,Tuomo_Hänninen
45,"Immonen, Mikko",Vasemmistoliitto,Mikko,Immonen, ,2003-2007,Mikko_Immonen
46,"Itälä, Ville",Kokoomus,Ville,Itälä, ,2003-2007,Ville_Itälä
47,"Jaakonsaari, Liisa",SDP,Liisa,Jaakonsaari, ,2003-2007,Liisa_Jaakonsaari
48,"Jansson, Roger",RKP,Roger,Jansson, ,2003-2007,Roger_Jansson
49,"Juhantalo, Kauko",Keskusta,Kauko,Juhantalo, ,2003-2007,Kauko_Juhantalo
50,"Jäätteenmäki, Anneli",Keskusta,Anneli,Jäätteenmäki, Pääministeri;;,2003-2007,Anneli_Jäätteenmäki
51,"Kaikkonen, Antti",Keskusta,Antti,Kaikkonen, ,2003-2007,Antti_Kaikkonen
52,"Kalli, Timo",Keskusta,Timo,Kalli, ,2003-2007,Timo_Kalli
53,"Kallio, Reijo",SDP,Reijo,Kallio, ,2003-2007,Reijo_Kallio
54,"Kalliomäki, Antti",SDP,Antti,Kalliomäki, Pääministerin sijainen;; Valtiovarainministeri;;Pääministerin sijainen;; Valtiovarainministeri;; Opetusministeri;;,2003-2007,Antti_Kalliomäki
55,"Kallis, Bjarne",Kristillisdemokraatit,Bjarne,Kallis, ,2003-2007,Bjarne_Kallis
56,"Kanerva, Ilkka",Kokoomus,Ilkka,Kanerva, ,2003-2007,Ilkka_Kanerva
57,"Kangas, Matti",Vasemmistoliitto,Matti,Kangas, ,2003-2007,Matti_Kangas
58,"Kankaanniemi, Toimi",Kristillisdemokraatit,Toimi,Kankaanniemi, ,2003-2007,Toimi_Kankaanniemi
59,"Karhu, Saara",SDP,Saara,Karhu, ,2003-2007,Saara_Karhu
60,"Karjula, Kyösti",Keskusta,Kyösti,Karjula, ,2003-2007,Kyösti_Karjula
61,"Saarela, Tanja",Keskusta,Tanja,Saarela, Kulttuuriministeri;;Kulttuuriministeri;;,2003-2007,Tanja_Saarela
62,"Karttunen, Marjukka",Kokoomus,Marjukka,Karttunen, ,2003-2007,Marjukka_Karttunen
63,"Karvonen, Tatja",Keskusta,Tatja,Karvonen, ,2003-2007,Tatja_Karvonen
64,"Kasvi, Jyrki",Vihreät,Jyrki,Kasvi, ,2003-2007,Jyrki_Kasvi
65,"Katainen, Jyrki",Kokoomus,Jyrki,Katainen, ,2003-2007,Jyrki_Katainen
66,"Kauppila, Matti",Vasemmistoliitto,Matti,Kauppila, ,2003-2007,Matti_Kauppila
67,"Kekkonen, Antero",SDP,Antero,Kekkonen, ,2003-2007,Antero_Kekkonen
68,"Kerola, Inkeri",Keskusta,Inkeri,Kerola, ,2003-2007,Inkeri_Kerola
69,"Kettunen, Rauno",Keskusta,Rauno,Kettunen, ,2003-2007,Rauno_Kettunen
70,"Kiljunen, Anneli",SDP,Anneli,Kiljunen, ,2003-2007,Anneli_Kiljunen
71,"Kiljunen, Kimmo",SDP,Kimmo,Kiljunen, ,2003-2007,Kimmo_Kiljunen
72,"Kiviniemi, Mari",Keskusta,Mari,Kiviniemi, Ministeri valtioneuvoston kansliassa;; Ulkomaankauppa- ja kehitysministeri;;,2003-2007,Mari_Kiviniemi
73,"Kiviranta, Esko",Keskusta,Esko,Kiviranta, ,2003-2007,Esko_Kiviranta
74,"Komi, Katri",Keskusta,Katri,Komi, ,2003-2007,Katri_Komi
75,"Korhonen, Martti",Vasemmistoliitto,Martti,Korhonen, ,2003-2007,Martti_Korhonen
76,"Korkeaoja, Juha",Keskusta,Juha,Korkeaoja, Maa- ja metsätalousministeri;;Maa- ja metsätalousministeri;;,2003-2007,Juha_Korkeaoja
77,"Koski, Markku",Keskusta,Markku,Koski, ,2003-2007,Markku_Koski
78,"Koski, Valto",SDP,Valto,Koski, ,2003-2007,Valto_Koski
79,"Koskinen, Jari",Kokoomus,Jari,Koskinen, ,2003-2007,Jari_Koskinen
80,"Koskinen, Johannes",SDP,Johannes,Koskinen, Oikeusministeri;;Oikeusministeri;;,2003-2007,Johannes_Koskinen
81,"Koskinen, Marjaana",SDP,Marjaana,Koskinen, ,2003-2007,Marjaana_Koskinen
82,"Krohn, Irina",Vihreät,Irina,Krohn, ,2003-2007,Irina_Krohn
83,"Kuisma, Risto",SDP,Risto,Kuisma, ,2003-2007,Risto_Kuisma
84,"Kumpula, Miapetra",SDP,Miapetra,Kumpula, ,2003-2007,Miapetra_Kumpula
85,"Kuoppa, Mikko",Vasemmistoliitto,Mikko,Kuoppa, ,2003-2007,Mikko_Kuoppa
86,"Kuosmanen, Pekka",Kokoomus,Pekka,Kuosmanen, ,2003-2007,Pekka_Kuosmanen
87,"Kurvinen, Esko",Kokoomus,Esko,Kurvinen, ,2003-2007,Esko_Kurvinen
88,"Kähkönen, Lauri",SDP,Lauri,Kähkönen, ,2003-2007,Lauri_Kähkönen
89,"Kärkkäinen, Kari",Kristillisdemokraatit,Kari,Kärkkäinen, ,2003-2007,Kari_Kärkkäinen
90,"Kääriäinen, Seppo",Keskusta,Seppo,Kääriäinen, Puolustusministeri;;,2003-2007,Seppo_Kääriäinen
91,"Laakso, Jaakko",Vasemmistoliitto,Jaakko,Laakso, ,2003-2007,Jaakko_Laakso
92,"Lahtela, Esa",SDP,Esa,Lahtela, ,2003-2007,Esa_Lahtela
93,"Lahtela, Seppo",Keskusta,Seppo,Lahtela, ,2003-2007,Seppo_Lahtela
94,"Lahti, Jere",Kokoomus,Jere,Lahti, ,2003-2007,Jere_Lahti
95,"Laitinen, Reijo",SDP,Reijo,Laitinen, ,2003-2007,Reijo_Laitinen
96,"Lamminen, Kalevi",Kokoomus,Kalevi,Lamminen, ,2003-2007,Kalevi_Lamminen
97,"Lankia, Eero",Keskusta,Eero,Lankia, ,2003-2007,Eero_Lankia
98,"Lapintie, Annika",Vasemmistoliitto,Annika,Lapintie, ,2003-2007,Annika_Lapintie
99,"Laukkanen, Markku",Keskusta,Markku,Laukkanen, ,2003-2007,Markku_Laukkanen
100,"Lax, Henrik",RKP,Henrik,Lax, ,2003-2007,Henrik_Lax
101,"Laxell, Jouko",Kokoomus,Jouko,Laxell, ,2003-2007,Jouko_Laxell
102,"Lehtomäki, Paula",Keskusta,Paula,Lehtomäki, Ministeri valtioneuvoston kansliassa;; Ulkomaankauppa- ja kehitysministeri;; Ministeri kauppa- ja teollisuusministeriössä;;Ministeri valtioneuvoston kansliassa;; Ministeri valtioneuvoston kansliassa;; Ulkomaankauppa- ja kehitysministeri;; Ulkomaankauppa- ja kehitysministeri;;,2003-2007,Paula_Lehtomäki
103,"Leppä, Jari",Keskusta,Jari,Leppä, ,2003-2007,Jari_Leppä
104,"Lindén, Suvi",Kokoomus,Suvi,Lindén, ,2003-2007,Suvi_Lindén
105,"Lindqvist, Maija-Liisa",Keskusta,Maija-Liisa,Lindqvist, ,2003-2007,Maija-Liisa_Lindqvist
106,"Lintilä, Mika",Keskusta,Mika,Lintilä, ,2003-2007,Mika_Lintilä
107,"Lintonen, Minna",SDP,Minna,Lintonen, ,2003-2007,Minna_Lintonen
108,"Lipponen, Paavo",SDP,Paavo,Lipponen, ,2003-2007,Paavo_Lipponen
109,"Luhtanen, Leena",SDP,Leena,Luhtanen, Liikenne- ja viestintäministeri;;Oikeusministeri;; Liikenne- ja viestintäministeri;;,2003-2007,Leena_Luhtanen
110,"Lämsä, Eero",Keskusta,Eero,Lämsä, ,2003-2007,Eero_Lämsä
111,"Löv, Pehr",RKP,Pehr,Löv, ,2003-2007,Pehr_Löv
112,"Manninen, Hannes",Keskusta,Hannes,Manninen, Alue- ja kuntaministeri;; Ministeri ympäristöministeriössä;;Alue- ja kuntaministeri;; Ministeri ympäristöministeriössä;;,2003-2007,Hannes_Manninen
113,"Matikainen-Kallström, Marjo",Kokoomus,Marjo,Matikainen-Kallström, ,2003-2007,Marjo_Matikainen-Kallström
114,"Meriläinen, Rosa",Vihreät,Rosa,Meriläinen, ,2003-2007,Rosa_Meriläinen
115,"Moilanen-Savolainen, Riikka",Keskusta,Riikka,Moilanen-Savolainen, ,2003-2007,Riikka_Moilanen-Savolainen
116,"Mustajärvi, Markus",Vasemmistoliitto,Markus,Mustajärvi, ,2003-2007,Markus_Mustajärvi
117,"Mäkinen, Tapani",Kokoomus,Tapani,Mäkinen, ,2003-2007,Tapani_Mäkinen
118,"Mönkäre, Sinikka",SDP,Sinikka,Mönkäre, Sosiaali- ja terveysministeri;;Sosiaali- ja terveysministeri;;,2003-2007,Sinikka_Mönkäre
119,"Neittaanmäki, Petri",Keskusta,Petri,Neittaanmäki, ,2003-2007,Petri_Neittaanmäki
120,"Nepponen, Olli",Kokoomus,Olli,Nepponen, ,2003-2007,Olli_Nepponen
121,"Nousiainen, Pekka",Keskusta,Pekka,Nousiainen, ,2003-2007,Pekka_Nousiainen
122,"Nurmi, Tuija",Kokoomus,Tuija,Nurmi, ,2003-2007,Tuija_Nurmi
123,"Nylander, Mikaela",RKP,Mikaela,Nylander, ,2003-2007,Mikaela_Nylander
124,"Oinonen, Lauri",Keskusta,Lauri,Oinonen, ,2003-2007,Lauri_Oinonen
125,"Ojala, Outi",Vasemmistoliitto,Outi,Ojala, ,2003-2007,Outi_Ojala
126,"Ojala, Reino",SDP,Reino,Ojala, ,2003-2007,Reino_Ojala
127,"Ojansuu, Kirsi",Vihreät,Kirsi,Ojansuu, ,2003-2007,Kirsi_Ojansuu
128,"Olin, Kalevi",SDP,Kalevi,Olin, ,2003-2007,Kalevi_Olin
129,"Ollila, Heikki",Kokoomus,Heikki,Ollila, ,2003-2007,Heikki_Ollila
130,"Paajanen, Reijo",Kokoomus,Reijo,Paajanen, ,2003-2007,Reijo_Paajanen
131,"Paatero, Sirpa",SDP,Sirpa,Paatero, ,2003-2007,Sirpa_Paatero
132,"Paasio, Heli",SDP,Heli,Paasio, ,2003-2007,Heli_Paasio
133,"Paloniemi, Aila",Keskusta,Aila,Paloniemi, ,2003-2007,Aila_Paloniemi
134,"Pekkarinen, Mauri",Keskusta,Mauri,Pekkarinen, Kauppa- ja teollisuusministeri;;Kauppa- ja teollisuusministeri;;,2003-2007,Mauri_Pekkarinen
135,"Peltokorpi, Terhi",Keskusta,Terhi,Peltokorpi, ,2003-2007,Terhi_Peltokorpi
136,"Peltomo, Pirkko",SDP,Pirkko,Peltomo, ,2003-2007,Pirkko_Peltomo
137,"Pentti, Klaus",Keskusta,Klaus,Pentti, ,2003-2007,Klaus_Pentti
138,"Perho, Maija",Kokoomus,Maija,Perho, ,2003-2007,Maija_Perho
139,"Polvi, Iivo",Vasemmistoliitto,Iivo,Polvi, ,2003-2007,Iivo_Polvi
140,"Puhjo, Veijo",Vasemmistoliitto,Veijo,Puhjo, ,2003-2007,Veijo_Puhjo
141,"Puisto, Virpa",SDP,Virpa,Puisto, ,2003-2007,Virpa_Puisto
142,"Pulliainen, Erkki",Vihreät,Erkki,Pulliainen, ,2003-2007,Erkki_Pulliainen
143,"Rahkonen, Susanna",SDP,Susanna,Rahkonen, ,2003-2007,Susanna_Rahkonen
144,"Rajala, Lyly",Kristillisdemokraatit,Lyly,Rajala, ,2003-2007,Lyly_Rajala
145,"Rajamäki, Kari",SDP,Kari,Rajamäki, Sisäasiainministeri;;Sisäasiainministeri;;,2003-2007,Kari_Rajamäki
146,"Rantakangas, Antti",Keskusta,Antti,Rantakangas, ,2003-2007,Antti_Rantakangas
147,"Ranta-Muotio, Aulis",Keskusta,Aulis,Ranta-Muotio, ,2003-2007,Aulis_Ranta-Muotio
148,"Rask, Maija",SDP,Maija,Rask, ,2003-2007,Maija_Rask
149,"Rauhala, Leena",Kristillisdemokraatit,Leena,Rauhala, ,2003-2007,Leena_Rauhala
150,"Rehula, Juha",Keskusta,Juha,Rehula, ,2003-2007,Juha_Rehula
151,"Reijonen, Eero",Keskusta,Eero,Reijonen, ,2003-2007,Eero_Reijonen
152,"Risikko, Paula",Kokoomus,Paula,Risikko, ,2003-2007,Paula_Risikko
153,"Roos, Jukka",SDP,Jukka,Roos, ,2003-2007,Jukka_Roos
154,"Rossi, Markku",Keskusta,Markku,Rossi, ,2003-2007,Markku_Rossi
155,"Rundgren, Simo",Keskusta,Simo,Rundgren, ,2003-2007,Simo_Rundgren
156,"Räsänen, Päivi",Kristillisdemokraatit,Päivi,Räsänen, ,2003-2007,Päivi_Räsänen
157,"Rönni, Tero",SDP,Tero,Rönni, ,2003-2007,Tero_Rönni
158,"Saarikangas, Martin",Kokoomus,Martin,Saarikangas, ,2003-2007,Martin_Saarikangas
159,"Saarinen, Matti",SDP,Matti,Saarinen, ,2003-2007,Matti_Saarinen
160,"Salo, Mauri",Keskusta,Mauri,Salo, ,2003-2007,Mauri_Salo
161,"Salo, Petri",Kokoomus,Petri,Salo, ,2003-2007,Petri_Salo
162,"Salovaara, Pertti",Keskusta,Pertti,Salovaara, ,2003-2007,Pertti_Salovaara
163,"Sarkomaa, Sari",Kokoomus,Sari,Sarkomaa, ,2003-2007,Sari_Sarkomaa
164,"Sasi, Kimmo",Kokoomus,Kimmo,Sasi, ,2003-2007,Kimmo_Sasi
165,"Satonen, Arto",Kokoomus,Arto,Satonen, ,2003-2007,Arto_Satonen
166,"Seppälä, Arto",SDP,Arto,Seppälä, ,2003-2007,Arto_Seppälä
167,"Seppälä, Timo",Kokoomus,Timo,Seppälä, ,2003-2007,Timo_Seppälä
168,"Siimes, Suvi-Anne",Vasemmistoliitto,Suvi-Anne,Siimes, ,2003-2007,Suvi-Anne_Siimes
169,"Sinnemäki, Anni",Vihreät,Anni,Sinnemäki, ,2003-2007,Anni_Sinnemäki
170,"Sirnö, Minna",Vasemmistoliitto,Minna,Sirnö, ,2003-2007,Minna_Sirnö
171,"Sjöblom, Juhani",Kokoomus,Juhani,Sjöblom, ,2003-2007,Juhani_Sjöblom
172,"Skinnari, Jouko",SDP,Jouko,Skinnari, ,2003-2007,Jouko_Skinnari
173,"Soini, Timo",Perussuomalaiset,Timo,Soini, ,2003-2007,Timo_Soini
174,"Soininvaara, Osmo",Vihreät,Osmo,Soininvaara, ,2003-2007,Osmo_Soininvaara
175,"Sumuvuori, Johanna",Vihreät,Johanna,Sumuvuori, ,2003-2007,Johanna_Sumuvuori
176,"Särkiniemi, Seppo",Keskusta,Seppo,Särkiniemi, ,2003-2007,Seppo_Särkiniemi
177,"Tahvanainen, Säde",SDP,Säde,Tahvanainen, ,2003-2007,Säde_Tahvanainen
178,"Taipale, Ilkka",SDP,Ilkka,Taipale, ,2003-2007,Ilkka_Taipale
179,"Taiveaho, Satu",SDP,Satu,Taiveaho, ,2003-2007,Satu_Taiveaho
180,"Takkula, Hannu",Keskusta,Hannu,Takkula, ,2003-2007,Hannu_Takkula
181,"Tennilä, Esko-Juhani",Vasemmistoliitto,Esko-Juhani,Tennilä, ,2003-2007,Esko-Juhani_Tennilä
182,"Thors, Astrid",RKP,Astrid,Thors, ,2003-2007,Astrid_Thors
183,"Tiilikainen, Kimmo",Keskusta,Kimmo,Tiilikainen, ,2003-2007,Kimmo_Tiilikainen
184,"Tiura, Marja",Kokoomus,Marja,Tiura, ,2003-2007,Marja_Tiura
185,"Tiusanen, Pentti",Vasemmistoliitto,Pentti,Tiusanen, ,2003-2007,Pentti_Tiusanen
186,"Tulonen, Irja",Kokoomus,Irja,Tulonen, ,2003-2007,Irja_Tulonen
187,"Tuomioja, Erkki",SDP,Erkki,Tuomioja, Ulkoasiainministeri;;Ulkoasiainministeri;;,2003-2007,Erkki_Tuomioja
188,"Tynkkynen, Oras",Vihreät,Oras,Tynkkynen, ,2003-2007,Oras_Tynkkynen
189,"Tölli, Tapani",Keskusta,Tapani,Tölli, ,2003-2007,Tapani_Tölli
190,"Uotila, Kari",Vasemmistoliitto,Kari,Uotila, ,2003-2007,Kari_Uotila
191,"Urpilainen, Jutta",SDP,Jutta,Urpilainen, ,2003-2007,Jutta_Urpilainen
192,"Vahasalo, Raija",Kokoomus,Raija,Vahasalo, ,2003-2007,Raija_Vahasalo
193,"Wallin, Harry",SDP,Harry,Wallin, ,2003-2007,Harry_Wallin
194,"Valpas, Unto",Vasemmistoliitto,Unto,Valpas, ,2003-2007,Unto_Valpas
195,"Vanhanen, Matti",Keskusta,Matti,Vanhanen, Puolustusministeri;;Pääministeri;;,2003-2007,Matti_Vanhanen
196,"Vapaavuori, Jan",Kokoomus,Jan,Vapaavuori, ,2003-2007,Jan_Vapaavuori
197,"Wideroos, Ulla-Maj",RKP,Ulla-Maj,Wideroos, Toinen valtiovarainministeri;;Toinen valtiovarainministeri;;,2003-2007,Ulla-Maj_Wideroos
198,"Vielma, Ahti",Kokoomus,Ahti,Vielma, ,2003-2007,Ahti_Vielma
199,"Vihriälä, Jukka",Keskusta,Jukka,Vihriälä, ,2003-2007,Jukka_Vihriälä
200,"Viitanen, Pia",SDP,Pia,Viitanen, ,2003-2007,Pia_Viitanen
201,"Vilén, Jari",Kokoomus,Jari,Vilén, ,2003-2007,Jari_Vilén
202,"Vilkuna, Pekka",Keskusta,Pekka,Vilkuna, ,2003-2007,Pekka_Vilkuna
203,"Virén, Lasse",Kokoomus,Lasse,Virén, ,2003-2007,Lasse_Virén
204,"Virtanen, Erkki",Vasemmistoliitto,Erkki,Virtanen, ,2003-2007,Erkki_Virtanen
205,"Vistbacka, Raimo",Perussuomalaiset,Raimo,Vistbacka, ,2003-2007,Raimo_Vistbacka
206,"Väistö, Matti",Keskusta,Matti,Väistö, ,2003-2007,Matti_Väistö
207,"Väätäinen, Tuula",SDP,Tuula,Väätäinen, ,2003-2007,Tuula_Väätäinen
208,"Ylä-Mononen, Jaana",Keskusta,Jaana,Ylä-Mononen, ,2003-2007,Jaana_Ylä-Mononen
209,"Zyskowicz, Ben",Kokoomus,Ben,Zyskowicz, ,2003-2007,Ben_Zyskowicz
0,"Matti, Ahde",SDP,Matti,Ahde, ,2007-2011,Matti_Ahde
1,"Esko, Ahonen",Keskusta,Esko,Ahonen, ,2007-2011,Esko_Ahonen
2,"Eero, Akaan-Penttilä",Kokoomus,Eero,Akaan-Penttilä, ,2007-2011,Eero_Akaan-Penttilä
3,"Outi, Alanko-Kahiluoto",Vihreät,Outi,Alanko-Kahiluoto, ,2007-2011,Outi_Alanko-Kahiluoto
4,"Mikko, Alatalo",Keskusta,Mikko,Alatalo, ,2007-2011,Mikko_Alatalo
5,"Claes, Andersson",Vasemmistoliitto,Claes,Andersson, ,2007-2011,Claes_Andersson
6,"Janina, Andersson",Vihreät,Janina,Andersson, ,2007-2011,Janina_Andersson
7,"Sirkka-Liisa, Anttila",Keskusta,Sirkka-Liisa,Anttila, Maa- ja metsätalousministeri;;Maa- ja metsätalousministeri;;,2007-2011,Sirkka-Liisa_Anttila
8,"Paavo, Arhinmäki",Vasemmistoliitto,Paavo,Arhinmäki, ,2007-2011,Paavo_Arhinmäki
9,"Marko, Asell",SDP,Marko,Asell, ,2007-2011,Marko_Asell
10,"Sirpa, Asko-Seljavaara",Kokoomus,Sirpa,Asko-Seljavaara, ,2007-2011,Sirpa_Asko-Seljavaara
11,"Risto, Autio",Keskusta,Risto,Autio, ,2007-2011,Risto_Autio
12,"Thomas, Blomqvist",RKP,Thomas,Blomqvist, ,2007-2011,Thomas_Blomqvist
13,"Tuija, Brax",Vihreät,Tuija,Brax, Oikeusministeri;;Oikeusministeri;;,2007-2011,Tuija_Brax
14,"Maarit, Feldt-Ranta",SDP,Maarit,Feldt-Ranta, ,2007-2011,Maarit_Feldt-Ranta
15,"Tarja, Filatov",SDP,Tarja,Filatov, ,2007-2011,Tarja_Filatov
16,"Merikukka, Forsius",Vihreät,Merikukka,Forsius, ,2007-2011,Merikukka_Forsius
17,"Christina, Gestrin",RKP,Christina,Gestrin, ,2007-2011,Christina_Gestrin
18,"Jukka, Gustafsson",SDP,Jukka,Gustafsson, ,2007-2011,Jukka_Gustafsson
19,"Maria, Guzenina-Richardson",SDP,Maria,Guzenina-Richardson, ,2007-2011,Maria_Guzenina-Richardson
20,"Susanna, Haapoja",Keskusta,Susanna,Haapoja, ,2007-2011,Susanna_Haapoja
21,"Tuula, Haatainen",SDP,Tuula,Haatainen, ,2007-2011,Tuula_Haatainen
22,"Pekka, Haavisto",Vihreät,Pekka,Haavisto, ,2007-2011,Pekka_Haavisto
23,"Juha, Hakola",Kokoomus,Juha,Hakola, ,2007-2011,Juha_Hakola
24,"Leena, Harkimo",Kokoomus,Leena,Harkimo, ,2007-2011,Leena_Harkimo
25,"Heidi, Hautala",Vihreät,Heidi,Hautala, ,2007-2011,Heidi_Hautala
26,"Lasse, Hautala",Keskusta,Lasse,Hautala, ,2007-2011,Lasse_Hautala
27,"Hannakaisa, Heikkinen",Keskusta,Hannakaisa,Heikkinen, ,2007-2011,Hannakaisa_Heikkinen
28,"Timo, Heinonen",Kokoomus,Timo,Heinonen, ,2007-2011,Timo_Heinonen
29,"Eero, Heinäluoma",SDP,Eero,Heinäluoma, ,2007-2011,Eero_Heinäluoma
30,"Pertti, Hemmilä",Kokoomus,Pertti,Hemmilä, ,2007-2011,Pertti_Hemmilä
31,"Hanna-Leena, Hemming",Kokoomus,Hanna-Leena,Hemming, ,2007-2011,Hanna-Leena_Hemming
32,"Anna-Maja, Henriksson",RKP,Anna-Maja,Henriksson, ,2007-2011,Anna-Maja_Henriksson
33,"Rakel, Hiltunen",SDP,Rakel,Hiltunen, ,2007-2011,Rakel_Hiltunen
34,"Anne, Holmlund",Kokoomus,Anne,Holmlund, Sisäasiainministeri;;Sisäasiainministeri;;,2007-2011,Anne_Holmlund
35,"Hannu, Hoskonen",Keskusta,Hannu,Hoskonen, ,2007-2011,Hannu_Hoskonen
36,"Susanna, Huovinen",SDP,Susanna,Huovinen, ,2007-2011,Susanna_Huovinen
37,"Sinikka, Hurskainen",SDP,Sinikka,Hurskainen, ,2007-2011,Sinikka_Hurskainen
38,"Liisa, Hyssälä",Keskusta,Liisa,Hyssälä, Sosiaali- ja terveysministeri;; Ministeri työministeriössä;;,2007-2011,Liisa_Hyssälä
39,"Jyri, Häkämies",Kokoomus,Jyri,Häkämies, Ministeri valtioneuvoston kansliassa;; Puolustusministeri;;Ministeri valtioneuvoston kansliassa;; Puolustusministeri;;,2007-2011,Jyri_Häkämies
40,"Tuomo, Hänninen",Keskusta,Tuomo,Hänninen, ,2007-2011,Tuomo_Hänninen
41,"Liisa, Jaakonsaari",SDP,Liisa,Jaakonsaari, ,2007-2011,Liisa_Jaakonsaari
42,"Harri, Jaskari",Kokoomus,Harri,Jaskari, ,2007-2011,Harri_Jaskari
43,"Kalle, Jokinen",Kokoomus,Kalle,Jokinen, ,2007-2011,Kalle_Jokinen
44,"Timo, Juurikkala",Vihreät,Timo,Juurikkala, ,2007-2011,Timo_Juurikkala
45,"Heli, Järvinen",Vihreät,Heli,Järvinen, ,2007-2011,Heli_Järvinen
46,"Pietari, Jääskeläinen",Perussuomalaiset,Pietari,Jääskeläinen, ,2007-2011,Pietari_Jääskeläinen
47,"Antti, Kaikkonen",Keskusta,Antti,Kaikkonen, ,2007-2011,Antti_Kaikkonen
48,"Antti, Kalliomäki",SDP,Antti,Kalliomäki, ,2007-2011,Antti_Kalliomäki
49,"Reijo, Kallio",SDP,Reijo,Kallio, ,2007-2011,Reijo_Kallio
50,"Bjarne, Kallis",Kristillisdemokraatit,Bjarne,Kallis, ,2007-2011,Bjarne_Kallis
51,"Timo, Kalli",Keskusta,Timo,Kalli, ,2007-2011,Timo_Kalli
52,"Anne, Kalmari",Keskusta,Anne,Kalmari, ,2007-2011,Anne_Kalmari
53,"Oiva, Kaltiokumpu",Keskusta,Oiva,Kaltiokumpu, ,2007-2011,Oiva_Kaltiokumpu
54,"Ilkka, Kanerva",Kokoomus,Ilkka,Kanerva, Ulkoasiainministeri;;,2007-2011,Ilkka_Kanerva
55,"Matti, Kangas",Vasemmistoliitto,Matti,Kangas, ,2007-2011,Matti_Kangas
56,"Toimi, Kankaanniemi",Kristillisdemokraatit,Toimi,Kankaanniemi, ,2007-2011,Toimi_Kankaanniemi
57,"Ilkka, Kantola",SDP,Ilkka,Kantola, ,2007-2011,Ilkka_Kantola
58,"Saara, Karhu",SDP,Saara,Karhu, ,2007-2011,Saara_Karhu
59,"Arja, Karhuvaara",Kokoomus,Arja,Karhuvaara, ,2007-2011,Arja_Karhuvaara
60,"Johanna, Karimäki",Vihreät,Johanna,Karimäki, ,2007-2011,Johanna_Karimäki
61,"Kyösti, Karjula",Keskusta,Kyösti,Karjula, ,2007-2011,Kyösti_Karjula
62,"Tanja, Karpela",Keskusta,Tanja,Karpela, ,2007-2011,Tanja_Karpela
63,"Ulla, Karvo",Kokoomus,Ulla,Karvo, ,2007-2011,Ulla_Karvo
64,"Jyrki, Kasvi",Vihreät,Jyrki,Kasvi, ,2007-2011,Jyrki_Kasvi
65,"Elsi, Katainen",Keskusta,Elsi,Katainen, ,2007-2011,Elsi_Katainen
66,"Jyrki, Katainen",Kokoomus,Jyrki,Katainen, Pääministerin sijainen;; Valtiovarainministeri;;Pääministerin sijainen;; Valtiovarainministeri;;,2007-2011,Jyrki_Katainen
67,"Sampsa, Kataja",Kokoomus,Sampsa,Kataja, ,2007-2011,Sampsa_Kataja
68,"Timo, Kaunisto",Keskusta,Timo,Kaunisto, ,2007-2011,Timo_Kaunisto
69,"Matti, Kauppila",Vasemmistoliitto,Matti,Kauppila, ,2007-2011,Matti_Kauppila
70,"Inkeri, Kerola",Keskusta,Inkeri,Kerola, ,2007-2011,Inkeri_Kerola
71,"Anneli, Kiljunen",SDP,Anneli,Kiljunen, ,2007-2011,Anneli_Kiljunen
72,"Kimmo, Kiljunen",SDP,Kimmo,Kiljunen, ,2007-2011,Kimmo_Kiljunen
73,"Krista, Kiuru",SDP,Krista,Kiuru, ,2007-2011,Krista_Kiuru
74,"Mari, Kiviniemi",Keskusta,Mari,Kiviniemi, Ministeri sisäasiainministeriössä;; Hallinto- ja kuntaministeri;;Pääministeri;;,2007-2011,Mari_Kiviniemi
75,"Esko, Kiviranta",Keskusta,Esko,Kiviranta, ,2007-2011,Esko_Kiviranta
76,"Katri, Komi",Keskusta,Katri,Komi, ,2007-2011,Katri_Komi
77,"Martti, Korhonen",Vasemmistoliitto,Martti,Korhonen, ,2007-2011,Martti_Korhonen
78,"Timo, Korhonen",Keskusta,Timo,Korhonen, ,2007-2011,Timo_Korhonen
79,"Juha, Korkeaoja",Keskusta,Juha,Korkeaoja, ,2007-2011,Juha_Korkeaoja
80,"Jari, Koskinen",Kokoomus,Jari,Koskinen, ,2007-2011,Jari_Koskinen
81,"Johannes, Koskinen",SDP,Johannes,Koskinen, ,2007-2011,Johannes_Koskinen
82,"Marjaana, Koskinen",SDP,Marjaana,Koskinen, ,2007-2011,Marjaana_Koskinen
83,"Valto, Koski",SDP,Valto,Koski, ,2007-2011,Valto_Koski
84,"Risto, Kuisma",SDP,Risto,Kuisma, ,2007-2011,Risto_Kuisma
85,"Miapetra, Kumpula-Natri",SDP,Miapetra,Kumpula-Natri, ,2007-2011,Miapetra_Kumpula-Natri
86,"Mikko, Kuoppa",Vasemmistoliitto,Mikko,Kuoppa, ,2007-2011,Mikko_Kuoppa
87,"Merja, Kuusisto",SDP,Merja,Kuusisto, ,2007-2011,Merja_Kuusisto
88,"Merja, Kyllönen",Vasemmistoliitto,Merja,Kyllönen, ,2007-2011,Merja_Kyllönen
89,"Lauri, Kähkönen",SDP,Lauri,Kähkönen, ,2007-2011,Lauri_Kähkönen
90,"Kari, Kärkkäinen",Kristillisdemokraatit,Kari,Kärkkäinen, ,2007-2011,Kari_Kärkkäinen
91,"Seppo, Kääriäinen",Keskusta,Seppo,Kääriäinen, ,2007-2011,Seppo_Kääriäinen
92,"Jaakko, Laakso",Vasemmistoliitto,Jaakko,Laakso, ,2007-2011,Jaakko_Laakso
93,"Esa, Lahtela",SDP,Esa,Lahtela, ,2007-2011,Esa_Lahtela
94,"Reijo, Laitinen",SDP,Reijo,Laitinen, ,2007-2011,Reijo_Laitinen
95,"Annika, Lapintie",Vasemmistoliitto,Annika,Lapintie, ,2007-2011,Annika_Lapintie
96,"Jari, Larikka",Kokoomus,Jari,Larikka, ,2007-2011,Jari_Larikka
97,"Markku, Laukkanen",Keskusta,Markku,Laukkanen, ,2007-2011,Markku_Laukkanen
98,"Sanna, Lauslahti",Kokoomus,Sanna,Lauslahti, ,2007-2011,Sanna_Lauslahti
99,"Jouko, Laxell",Kokoomus,Jouko,Laxell, ,2007-2011,Jouko_Laxell
100,"Eero, Lehti",Kokoomus,Eero,Lehti, ,2007-2011,Eero_Lehti
101,"Paula, Lehtomäki",Keskusta,Paula,Lehtomäki, Ympäristöministeri;; Ympäristöministeri;;Ympäristöministeri;;,2007-2011,Paula_Lehtomäki
102,"Jari, Leppä",Keskusta,Jari,Leppä, ,2007-2011,Jari_Leppä
103,"Suvi, Lindén",Kokoomus,Suvi,Lindén, Viestintäministeri;;Viestintäministeri;;,2007-2011,Suvi_Lindén
104,"Mika, Lintilä",Keskusta,Mika,Lintilä, ,2007-2011,Mika_Lintilä
105,"Päivi, Lipponen",SDP,Päivi,Lipponen, ,2007-2011,Päivi_Lipponen
106,"Hannes, Manninen",Keskusta,Hannes,Manninen, ,2007-2011,Hannes_Manninen
107,"Marjo, Matikainen-Kallström",Kokoomus,Marjo,Matikainen-Kallström, ,2007-2011,Marjo_Matikainen-Kallström
108,"Juha, Mieto",Keskusta,Juha,Mieto, ,2007-2011,Juha_Mieto
109,"Markus, Mustajärvi",Vasemmistoliitto,Markus,Mustajärvi, ,2007-2011,Markus_Mustajärvi
110,"Jukka, Mäkelä",Kokoomus,Jukka,Mäkelä, ,2007-2011,Jukka_Mäkelä
111,"Outi, Mäkelä",Kokoomus,Outi,Mäkelä, ,2007-2011,Outi_Mäkelä
112,"Tapani, Mäkinen",Kokoomus,Tapani,Mäkinen, ,2007-2011,Tapani_Mäkinen
113,"Elisabeth, Nauclér",RKP,Elisabeth,Nauclér, ,2007-2011,Elisabeth_Nauclér
114,"Olli, Nepponen",Kokoomus,Olli,Nepponen, ,2007-2011,Olli_Nepponen
115,"Sauli, Niinistö",Kokoomus,Sauli,Niinistö, ,2007-2011,Sauli_Niinistö
116,"Ville, Niinistö",Vihreät,Ville,Niinistö, ,2007-2011,Ville_Niinistö
117,"Håkan, Nordman",RKP,Håkan,Nordman, ,2007-2011,Håkan_Nordman
118,"Tuija, Nurmi",Kokoomus,Tuija,Nurmi, ,2007-2011,Tuija_Nurmi
119,"Mikaela, Nylander",RKP,Mikaela,Nylander, ,2007-2011,Mikaela_Nylander
120,"Mats, Nylund",RKP,Mats,Nylund, ,2007-2011,Mats_Nylund
121,"Lauri, Oinonen",Keskusta,Lauri,Oinonen, ,2007-2011,Lauri_Oinonen
122,"Pentti, Juhani",Perussuomalaiset,Pentti,Juhani, ,2007-2011,Pentti_Juhani
123,"Johanna, Ojala-Niemelä",SDP,Johanna,Ojala-Niemelä, ,2007-2011,Johanna_Ojala-Niemelä
124,"Kirsi, Ojansuu",Vihreät,Kirsi,Ojansuu, ,2007-2011,Kirsi_Ojansuu
125,"Heikki, Ollila",Kokoomus,Heikki,Ollila, ,2007-2011,Heikki_Ollila
126,"Petteri, Orpo",Kokoomus,Petteri,Orpo, ,2007-2011,Petteri_Orpo
127,"Reijo, Paajanen",Kokoomus,Reijo,Paajanen, ,2007-2011,Reijo_Paajanen
128,"Heli, Paasio",SDP,Heli,Paasio, ,2007-2011,Heli_Paasio
129,"Sirpa, Paatero",SDP,Sirpa,Paatero, ,2007-2011,Sirpa_Paatero
130,"Markku, Pakkanen",Keskusta,Markku,Pakkanen, ,2007-2011,Markku_Pakkanen
131,"Sari, Palm",Kristillisdemokraatit,Sari,Palm, ,2007-2011,Sari_Palm
132,"Aila, Paloniemi",Keskusta,Aila,Paloniemi, ,2007-2011,Aila_Paloniemi
133,"Mauri, Pekkarinen",Keskusta,Mauri,Pekkarinen, Ministeri sisäasiainministeriössä;; Kauppa- ja teollisuusministeri;; Elinkeinoministeri;;Elinkeinoministeri;;,2007-2011,Mauri_Pekkarinen
134,"Tuula, Peltonen",SDP,Tuula,Peltonen, ,2007-2011,Tuula_Peltonen
135,"Klaus, Pentti",Keskusta,Klaus,Pentti, ,2007-2011,Klaus_Pentti
136,"Sanna, Perkiö",Kokoomus,Sanna,Perkiö, ,2007-2011,Sanna_Perkiö
137,"Petri, Pihlajaniemi",Kokoomus,Petri,Pihlajaniemi, ,2007-2011,Petri_Pihlajaniemi
138,"Raimo, Piirainen",SDP,Raimo,Piirainen, ,2007-2011,Raimo_Piirainen
139,"Veijo, Puhjo",Vasemmistoliitto,Veijo,Puhjo, ,2007-2011,Veijo_Puhjo
140,"Erkki, Pulliainen",Vihreät,Erkki,Pulliainen, ,2007-2011,Erkki_Pulliainen
141,"Tuomo, Puumala",Keskusta,Tuomo,Puumala, ,2007-2011,Tuomo_Puumala
142,"Lyly, Rajala",Kokoomus,Lyly,Rajala, ,2007-2011,Lyly_Rajala
143,"Kari, Rajamäki",SDP,Kari,Rajamäki, ,2007-2011,Kari_Rajamäki
144,"Antti, Rantakangas",Keskusta,Antti,Rantakangas, ,2007-2011,Antti_Rantakangas
145,"Leena, Rauhala",Kristillisdemokraatit,Leena,Rauhala, ,2007-2011,Leena_Rauhala
146,"Pekka, Ravi",Kokoomus,Pekka,Ravi, ,2007-2011,Pekka_Ravi
147,"Juha, Rehula",Keskusta,Juha,Rehula, Sosiaali- ja terveysministeri;;Sosiaali- ja terveysministeri;;,2007-2011,Juha_Rehula
148,"Eero, Reijonen",Keskusta,Eero,Reijonen, ,2007-2011,Eero_Reijonen
149,"Paula, Risikko",Kokoomus,Paula,Risikko, Peruspalveluministeri;; Ministeri ympäristöministeriössä;;Peruspalveluministeri;;,2007-2011,Paula_Risikko
150,"Markku, Rossi",Keskusta,Markku,Rossi, ,2007-2011,Markku_Rossi
151,"Pirkko, Ruohonen-Lerner",Perussuomalaiset,Pirkko,Ruohonen-Lerner, ,2007-2011,Pirkko_Ruohonen-Lerner
152,"Päivi, Räsänen",Kristillisdemokraatit,Päivi,Räsänen, ,2007-2011,Päivi_Räsänen
153,"Tero, Rönni",SDP,Tero,Rönni, ,2007-2011,Tero_Rönni
154,"Matti, Saarinen",SDP,Matti,Saarinen, ,2007-2011,Matti_Saarinen
155,"Pertti, Salolainen",Kokoomus,Pertti,Salolainen, ,2007-2011,Pertti_Salolainen
156,"Petri, Salo",Kokoomus,Petri,Salo, ,2007-2011,Petri_Salo
157,"Pertti, Salovaara",Keskusta,Pertti,Salovaara, ,2007-2011,Pertti_Salovaara
158,"Sari, Sarkomaa",Kokoomus,Sari,Sarkomaa, Opetusministeri;;,2007-2011,Sari_Sarkomaa
159,"Kimmo, Sasi",Kokoomus,Kimmo,Sasi, ,2007-2011,Kimmo_Sasi
160,"Arto, Satonen",Kokoomus,Arto,Satonen, ,2007-2011,Arto_Satonen
161,"Janne, Seurujärvi",Keskusta,Janne,Seurujärvi, ,2007-2011,Janne_Seurujärvi
162,"Paula, Sihto",Keskusta,Paula,Sihto, ,2007-2011,Paula_Sihto
163,"Anni, Sinnemäki",Vihreät,Anni,Sinnemäki, Työministeri;;Työministeri;;,2007-2011,Anni_Sinnemäki
164,"Minna, Sirnö",Vasemmistoliitto,Minna,Sirnö, ,2007-2011,Minna_Sirnö
165,"Jouko, Skinnari",SDP,Jouko,Skinnari, ,2007-2011,Jouko_Skinnari
166,"Timo, Soini",Perussuomalaiset,Timo,Soini, ,2007-2011,Timo_Soini
167,"Johanna, Sumuvuori",Vihreät,Johanna,Sumuvuori, ,2007-2011,Johanna_Sumuvuori
168,"Seppo, Särkiniemi",Keskusta,Seppo,Särkiniemi, ,2007-2011,Seppo_Särkiniemi
169,"Jacob, Söderman",SDP,Jacob,Söderman, ,2007-2011,Jacob_Söderman
170,"Tommy, Tabermann",SDP,Tommy,Tabermann, ,2007-2011,Tommy_Tabermann
171,"Katja, Taimela",SDP,Katja,Taimela, ,2007-2011,Katja_Taimela
172,"Satu, Taiveaho",SDP,Satu,Taiveaho, ,2007-2011,Satu_Taiveaho
173,"Tarja, Tallqvist",Kristillisdemokraatit,Tarja,Tallqvist, ,2007-2011,Tarja_Tallqvist
174,"Esko-Juhani, Tennilä",Vasemmistoliitto,Esko-Juhani,Tennilä, ,2007-2011,Esko-Juhani_Tennilä
175,"Astrid, Thors",RKP,Astrid,Thors, Ministeri valtioneuvoston kansliassa;; Ministeri oikeusministeriössä;; Maahanmuutto- ja eurooppaministeri;; Ministeri työministeriössä;;Ministeri valtioneuvoston kansliassa;; Ministeri oikeusministeriössä;; Maahanmuutto- ja eurooppaministeri;;,2007-2011,Astrid_Thors
176,"Kimmo, Tiilikainen",Keskusta,Kimmo,Tiilikainen, Ympäristöministeri;;,2007-2011,Kimmo_Tiilikainen
177,"Marja, Tiura",Kokoomus,Marja,Tiura, ,2007-2011,Marja_Tiura
178,"Pentti, Tiusanen",Vasemmistoliitto,Pentti,Tiusanen, ,2007-2011,Pentti_Tiusanen
179,"Lenita, Toivakka",Kokoomus,Lenita,Toivakka, ,2007-2011,Lenita_Toivakka
180,"Erkki, Tuomioja",SDP,Erkki,Tuomioja, ,2007-2011,Erkki_Tuomioja
181,"Oras, Tynkkynen",Vihreät,Oras,Tynkkynen, ,2007-2011,Oras_Tynkkynen
182,"Tapani, Tölli",Keskusta,Tapani,Tölli, Hallinto- ja kuntaministeri;;,2007-2011,Tapani_Tölli
183,"Tuulikki, Ukkola",Kokoomus,Tuulikki,Ukkola, ,2007-2011,Tuulikki_Ukkola
184,"Kari, Uotila",Vasemmistoliitto,Kari,Uotila, ,2007-2011,Kari_Uotila
185,"Jutta, Urpilainen",SDP,Jutta,Urpilainen, ,2007-2011,Jutta_Urpilainen
186,"Markku, Uusipaavalniemi",Keskusta,Markku,Uusipaavalniemi, ,2007-2011,Markku_Uusipaavalniemi
187,"Raija, Vahasalo",Kokoomus,Raija,Vahasalo, ,2007-2011,Raija_Vahasalo
188,"Unto, Valpas",Vasemmistoliitto,Unto,Valpas, ,2007-2011,Unto_Valpas
189,"Matti, Vanhanen",Keskusta,Matti,Vanhanen, Pääministeri;;,2007-2011,Matti_Vanhanen
190,"Jan, Vapaavuori",Kokoomus,Jan,Vapaavuori, Ministeri valtioneuvoston kansliassa;; Ministeri ulkoasiainministeriössä;; Asuntoministeri;;Ministeri valtioneuvoston kansliassa;; Ministeri ulkoasiainministeriössä;; Asuntoministeri;;,2007-2011,Jan_Vapaavuori
191,"Mirja, Vehkaperä",Keskusta,Mirja,Vehkaperä, ,2007-2011,Mirja_Vehkaperä
192,"Anu, Vehviläinen",Keskusta,Anu,Vehviläinen, Liikenneministeri;;Liikenneministeri;;,2007-2011,Anu_Vehviläinen
193,"Pauliina, Viitamies",SDP,Pauliina,Viitamies, ,2007-2011,Pauliina_Viitamies
194,"Pia, Viitanen",SDP,Pia,Viitanen, ,2007-2011,Pia_Viitanen
195,"Ilkka, Viljanen",Kokoomus,Ilkka,Viljanen, ,2007-2011,Ilkka_Viljanen
196,"Pekka, Vilkuna",Keskusta,Pekka,Vilkuna, ,2007-2011,Pekka_Vilkuna
197,"Henna, Virkkunen",Kokoomus,Henna,Virkkunen, Opetusministeri;; Opetusministeri;;Opetusministeri;;,2007-2011,Henna_Virkkunen
198,"Anne-Mari, Virolainen",Kokoomus,Anne-Mari,Virolainen, ,2007-2011,Anne-Mari_Virolainen
199,"Erkki, Virtanen",Vasemmistoliitto,Erkki,Virtanen, ,2007-2011,Erkki_Virtanen
200,"Pertti, Virtanen",Perussuomalaiset,Pertti,Virtanen, ,2007-2011,Pertti_Virtanen
201,"Raimo, Vistbacka",Perussuomalaiset,Raimo,Vistbacka, ,2007-2011,Raimo_Vistbacka
202,"Antti, Vuolanne",SDP,Antti,Vuolanne, ,2007-2011,Antti_Vuolanne
203,"Paavo, Väyrynen",Keskusta,Paavo,Väyrynen, Ulkomaankauppa- ja kehitysministeri;;Ulkomaankauppa- ja kehitysministeri;;,2007-2011,Paavo_Väyrynen
204,"Tuula, Väätäinen",SDP,Tuula,Väätäinen, ,2007-2011,Tuula_Väätäinen
205,"Stefan, Wallin",RKP,Stefan,Wallin, Kulttuuri- ja urheiluministeri;; Kulttuuri- ja urheiluministeri;; Ministeri sosiaali- ja terveysministeriössä;;Kulttuuri- ja urheiluministeri;; Ministeri sosiaali- ja terveysministeriössä;;,2007-2011,Stefan_Wallin
206,"Ulla-Maj, Wideroos",RKP,Ulla-Maj,Wideroos, ,2007-2011,Ulla-Maj_Wideroos
207,"Jyrki, Yrttiaho",Vasemmistoliitto,Jyrki,Yrttiaho, ,2007-2011,Jyrki_Yrttiaho
208,"Ben, Zyskowicz",Kokoomus,Ben,Zyskowicz, ,2007-2011,Ben_Zyskowicz
0,"Ahvenjärvi, Sauli",Kristillisdemokraatit,Sauli,Ahvenjärvi, ,2011-2015,Sauli_Ahvenjärvi
1,"Alanko-Kahiluoto, Outi",Vihreät,Outi,Alanko-Kahiluoto, ,2011-2015,Outi_Alanko-Kahiluoto
2,"Alatalo, Mikko",Keskusta,Mikko,Alatalo, ,2011-2015,Mikko_Alatalo
3,"Anttila, Sirkka-Liisa",Keskusta,Sirkka-Liisa,Anttila, ,2011-2015,Sirkka-Liisa_Anttila
4,"Arhinmäki, Paavo",Vasemmistoliitto,Paavo,Arhinmäki, Kulttuuri- ja urheiluministeri;;,2011-2015,Paavo_Arhinmäki
5,"Autto, Heikki",Kokoomus,Heikki,Autto, ,2011-2015,Heikki_Autto
6,"Backman, Jouni",SDP,Jouni,Backman, ,2011-2015,Jouni_Backman
7,"Blomqvist, Thomas",RKP,Thomas,Blomqvist, ,2011-2015,Thomas_Blomqvist
8,"Brax, Tuija",Vihreät,Tuija,Brax, ,2011-2015,Tuija_Brax
9,"Donner, Jörn",RKP,Jörn,Donner, ,2011-2015,Jörn_Donner
10,"Eerola, Juho",Perussuomalaiset,Juho,Eerola, ,2011-2015,Juho_Eerola
11,"Eestilä, Markku",Kokoomus,Markku,Eestilä, ,2011-2015,Markku_Eestilä
12,"Elomaa, Ritva",Perussuomalaiset,Ritva,Elomaa, ,2011-2015,Ritva_Elomaa
13,"Eloranta, Eeva-Johanna",SDP,Eeva-Johanna,Eloranta, ,2011-2015,Eeva-Johanna_Eloranta
14,"Feldt-Ranta, Maarit",SDP,Maarit,Feldt-Ranta, ,2011-2015,Maarit_Feldt-Ranta
15,"Filatov, Tarja",SDP,Tarja,Filatov, ,2011-2015,Tarja_Filatov
16,"Gestrin, Christina",RKP,Christina,Gestrin, ,2011-2015,Christina_Gestrin
17,"Grahn-Laasonen, Sanni",Kokoomus,Sanni,Grahn-Laasonen, Ympäristöministeri;;,2011-2015,Sanni_Grahn-Laasonen
18,"Gustafsson, Jukka",SDP,Jukka,Gustafsson, Opetusministeri;;,2011-2015,Jukka_Gustafsson
19,"Guzenina-Richardson, Maria",SDP,Maria,Guzenina-Richardson, Peruspalveluministeri;;,2011-2015,Maria_Guzenina-Richardson
20,"Gästgivars, Lars",RKP,Lars,Gästgivars, ,2011-2015,Lars_Gästgivars
21,"Haapanen, Satu",Vihreät,Satu,Haapanen, ,2011-2015,Satu_Haapanen
22,"Haavisto, Pekka",Vihreät,Pekka,Haavisto, Kehitysministeri;;Kehitysministeri;;,2011-2015,Pekka_Haavisto
23,"Hakkarainen, Teuvo",Perussuomalaiset,Teuvo,Hakkarainen, ,2011-2015,Teuvo_Hakkarainen
24,"Halla-aho, Jussi",Perussuomalaiset,Jussi,Halla-aho, ,2011-2015,Jussi_Halla-aho
25,"Harkimo, Leena",Kokoomus,Leena,Harkimo, ,2011-2015,Leena_Harkimo
26,"Hautala, Lasse",Keskusta,Lasse,Hautala, ,2011-2015,Lasse_Hautala
27,"Heikkilä, Lauri",Perussuomalaiset,Lauri,Heikkilä, ,2011-2015,Lauri_Heikkilä
28,"Heinonen, Timo",Kokoomus,Timo,Heinonen, ,2011-2015,Timo_Heinonen
29,"Heinäluoma, Eero",SDP,Eero,Heinäluoma, ,2011-2015,Eero_Heinäluoma
30,"Hemmilä, Pertti",Kokoomus,Pertti,Hemmilä, ,2011-2015,Pertti_Hemmilä
31,"Henriksson, Anna-Maja",RKP,Anna-Maja,Henriksson, Oikeusministeri;;Oikeusministeri;;,2011-2015,Anna-Maja_Henriksson
32,"Hiltunen, Rakel",SDP,Rakel,Hiltunen, ,2011-2015,Rakel_Hiltunen
33,"Hirvisaari, James",m11,James,Hirvisaari, ,2011-2015,James_Hirvisaari
34,"Holmlund, Anne",Kokoomus,Anne,Holmlund, ,2011-2015,Anne_Holmlund
35,"Hongisto, Reijo",Perussuomalaiset,Reijo,Hongisto, ,2011-2015,Reijo_Hongisto
36,"Huovinen, Susanna",SDP,Susanna,Huovinen, Peruspalveluministeri;;Peruspalveluministeri;;,2011-2015,Susanna_Huovinen
37,"Häkämies, Jyri",Kokoomus,Jyri,Häkämies, Elinkeinoministeri;;,2011-2015,Jyri_Häkämies
38,"Hänninen, Katja",Vasemmistoliitto,Katja,Hänninen, ,2011-2015,Katja_Hänninen
39,"Ihalainen, Lauri",SDP,Lauri,Ihalainen, Työministeri;;Työministeri;;,2011-2015,Lauri_Ihalainen
40,"Immonen, Olli",Perussuomalaiset,Olli,Immonen, ,2011-2015,Olli_Immonen
41,"Jalonen, Ari",Perussuomalaiset,Ari,Jalonen, ,2011-2015,Ari_Jalonen
42,"Jaskari, Harri",Kokoomus,Harri,Jaskari, ,2011-2015,Harri_Jaskari
43,"Jokinen, Kalle",Kokoomus,Kalle,Jokinen, ,2011-2015,Kalle_Jokinen
44,"Joutsenlahti, Anssi",Perussuomalaiset,Anssi,Joutsenlahti, ,2011-2015,Anssi_Joutsenlahti
45,"Jungner, Mikael",SDP,Mikael,Jungner, ,2011-2015,Mikael_Jungner
46,"Jurva, Johanna",Perussuomalaiset,Johanna,Jurva, ,2011-2015,Johanna_Jurva
47,"Juvonen, Arja",Perussuomalaiset,Arja,Juvonen, ,2011-2015,Arja_Juvonen
48,"Jääskeläinen, Jouko",Kristillisdemokraatit,Jouko,Jääskeläinen, ,2011-2015,Jouko_Jääskeläinen
49,"Jääskeläinen, Pietari",Perussuomalaiset,Pietari,Jääskeläinen, ,2011-2015,Pietari_Jääskeläinen
50,"Kaikkonen, Antti",Keskusta,Antti,Kaikkonen, ,2011-2015,Antti_Kaikkonen
51,"Kalli, Timo",Keskusta,Timo,Kalli, ,2011-2015,Timo_Kalli
52,"Kalliorinne, Risto",Vasemmistoliitto,Risto,Kalliorinne, ,2011-2015,Risto_Kalliorinne
53,"Kalmari, Anne",Keskusta,Anne,Kalmari, ,2011-2015,Anne_Kalmari
54,"Kanerva, Ilkka",Kokoomus,Ilkka,Kanerva, ,2011-2015,Ilkka_Kanerva
55,"Kantola, Ilkka",SDP,Ilkka,Kantola, ,2011-2015,Ilkka_Kantola
56,"Karhu, Saara",SDP,Saara,Karhu, ,2011-2015,Saara_Karhu
57,"Kari, Mika",SDP,Mika,Kari, ,2011-2015,Mika_Kari
58,"Karimäki, Johanna",Vihreät,Johanna,Karimäki, ,2011-2015,Johanna_Karimäki
59,"Katainen, Elsi",Keskusta,Elsi,Katainen, ,2011-2015,Elsi_Katainen
60,"Katainen, Jyrki",Kokoomus,Jyrki,Katainen, Pääministeri;;,2011-2015,Jyrki_Katainen
61,"Kataja, Sampsa",Kokoomus,Sampsa,Kataja, ,2011-2015,Sampsa_Kataja
62,"Kauma, Pia",Kokoomus,Pia,Kauma, ,2011-2015,Pia_Kauma
63,"Kerola, Inkeri",Keskusta,Inkeri,Kerola, ,2011-2015,Inkeri_Kerola
64,"Kettunen, Pentti",Perussuomalaiset,Pentti,Kettunen, ,2011-2015,Pentti_Kettunen
65,"Kiljunen, Anneli",SDP,Anneli,Kiljunen, ,2011-2015,Anneli_Kiljunen
66,"Kiuru, Krista",SDP,Krista,Kiuru, Opetus- ja viestintäministeri;; Opetusministeri;; Asunto- ja viestintäministeri;;Opetus- ja viestintäministeri;;,2011-2015,Krista_Kiuru
67,"Kiuru, Pauli",Kokoomus,Pauli,Kiuru, ,2011-2015,Pauli_Kiuru
68,"Kivelä, Kimmo",Perussuomalaiset,Kimmo,Kivelä, ,2011-2015,Kimmo_Kivelä
69,"Kiviniemi, Mari",Keskusta,Mari,Kiviniemi, ,2011-2015,Mari_Kiviniemi
70,"Kiviranta, Esko",Keskusta,Esko,Kiviranta, ,2011-2015,Esko_Kiviranta
71,"Kokko, Osmo",Perussuomalaiset,Osmo,Kokko, ,2011-2015,Osmo_Kokko
72,"Komi, Katri",Keskusta,Katri,Komi, ,2011-2015,Katri_Komi
73,"Kontula, Anna",Vasemmistoliitto,Anna,Kontula, ,2011-2015,Anna_Kontula
74,"Kopra, Jukka",Kokoomus,Jukka,Kopra, ,2011-2015,Jukka_Kopra
75,"Korhonen, Martti",Vasemmistoliitto,Martti,Korhonen, ,2011-2015,Martti_Korhonen
76,"Korhonen, Timo",Keskusta,Timo,Korhonen, ,2011-2015,Timo_Korhonen
77,"Koskela, Laila",Keskusta,Laila,Koskela, ,2011-2015,Laila_Koskela
78,"Koskinen, Johannes",SDP,Johannes,Koskinen, ,2011-2015,Johannes_Koskinen
79,"Kumpula-Natri, Miapetra",SDP,Miapetra,Kumpula-Natri, ,2011-2015,Miapetra_Kumpula-Natri
80,"Kurvinen, Esko",Kokoomus,Esko,Kurvinen, ,2011-2015,Esko_Kurvinen
81,"Kuusisto, Merja",SDP,Merja,Kuusisto, ,2011-2015,Merja_Kuusisto
82,"Kyllönen, Merja",Vasemmistoliitto,Merja,Kyllönen, Liikenneministeri;;,2011-2015,Merja_Kyllönen
83,"Kymäläinen, Suna",SDP,Suna,Kymäläinen, ,2011-2015,Suna_Kymäläinen
84,"Kärnä, Jukka",SDP,Jukka,Kärnä, ,2011-2015,Jukka_Kärnä
85,"Kääriäinen, Seppo",Keskusta,Seppo,Kääriäinen, ,2011-2015,Seppo_Kääriäinen
86,"Lapintie, Annika",Vasemmistoliitto,Annika,Lapintie, ,2011-2015,Annika_Lapintie
87,"Lauslahti, Sanna",Kokoomus,Sanna,Lauslahti, ,2011-2015,Sanna_Lauslahti
88,"Lehti, Eero",Kokoomus,Eero,Lehti, ,2011-2015,Eero_Lehti
89,"Lehtomäki, Paula",Keskusta,Paula,Lehtomäki, ,2011-2015,Paula_Lehtomäki
90,"Lepomäki, Elina",Kokoomus,Elina,Lepomäki, ,2011-2015,Elina_Lepomäki
91,"Leppä, Jari",Keskusta,Jari,Leppä, ,2011-2015,Jari_Leppä
92,"Lindström, Jari",Perussuomalaiset,Jari,Lindström, ,2011-2015,Jari_Lindström
93,"Lindtman, Antti",SDP,Antti,Lindtman, ,2011-2015,Antti_Lindtman
94,"Lintilä, Mika",Keskusta,Mika,Lintilä, ,2011-2015,Mika_Lintilä
95,"Lipponen, Päivi",SDP,Päivi,Lipponen, ,2011-2015,Päivi_Lipponen
96,"Lohela, Maria",Perussuomalaiset,Maria,Lohela, ,2011-2015,Maria_Lohela
97,"Lohi, Markus",Keskusta,Markus,Lohi, ,2011-2015,Markus_Lohi
98,"Louhelainen, Anne",Perussuomalaiset,Anne,Louhelainen, ,2011-2015,Anne_Louhelainen
99,"Maijala, Eeva-Maria",Keskusta,Eeva-Maria,Maijala, ,2011-2015,Eeva-Maria_Maijala
100,"Matikainen-Kallström, Marjo",Kokoomus,Marjo,Matikainen-Kallström, ,2011-2015,Marjo_Matikainen-Kallström
101,"Mattila, Pirkko",Perussuomalaiset,Pirkko,Mattila, ,2011-2015,Pirkko_Mattila
102,"Modig, Silvia",Vasemmistoliitto,Silvia,Modig, ,2011-2015,Silvia_Modig
103,"Mustajärvi, Markus",Vasenryhmä,Markus,Mustajärvi, ,2011-2015,Markus_Mustajärvi
104,"Myller, Riitta",SDP,Riitta,Myller, ,2011-2015,Riitta_Myller
105,"Myllykoski, Jari",Vasemmistoliitto,Jari,Myllykoski, ,2011-2015,Jari_Myllykoski
106,"Mäkelä, Outi",Kokoomus,Outi,Mäkelä, ,2011-2015,Outi_Mäkelä
107,"Mäkinen, Tapani",Kokoomus,Tapani,Mäkinen, ,2011-2015,Tapani_Mäkinen
108,"Mäkipää, Lea",Perussuomalaiset,Lea,Mäkipää, ,2011-2015,Lea_Mäkipää
109,"Mäkisalo-Ropponen, Merja",SDP,Merja,Mäkisalo-Ropponen, ,2011-2015,Merja_Mäkisalo-Ropponen
110,"Männistö, Lasse",Kokoomus,Lasse,Männistö, ,2011-2015,Lasse_Männistö
111,"Mäntylä, Hanna",Perussuomalaiset,Hanna,Mäntylä, ,2011-2015,Hanna_Mäntylä
112,"Mäntymaa, Markku",Kokoomus,Markku,Mäntymaa, ,2011-2015,Markku_Mäntymaa
113,"Mölsä, Martti",Perussuomalaiset,Martti,Mölsä, ,2011-2015,Martti_Mölsä
114,"Nauclér, Elisabeth",RKP,Elisabeth,Nauclér, ,2011-2015,Elisabeth_Nauclér
115,"Niikko, Mika",Perussuomalaiset,Mika,Niikko, ,2011-2015,Mika_Niikko
116,"Niinistö, Jussi",Perussuomalaiset,Jussi,Niinistö, ,2011-2015,Jussi_Niinistö
117,"Niinistö, Ville",Vihreät,Ville,Niinistö, Ympäristöministeri;;Ympäristöministeri;;,2011-2015,Ville_Niinistö
118,"Nylander, Mikaela",RKP,Mikaela,Nylander, ,2011-2015,Mikaela_Nylander
119,"Nylund, Mats",RKP,Mats,Nylund, ,2011-2015,Mats_Nylund
120,"Oinonen, Pentti",Perussuomalaiset,Pentti,Oinonen, ,2011-2015,Pentti_Oinonen
121,"Ojala-Niemelä, Johanna",SDP,Johanna,Ojala-Niemelä, ,2011-2015,Johanna_Ojala-Niemelä
122,"Orpo, Petteri",Kokoomus,Petteri,Orpo, Maa- ja metsätalousministeri;;,2011-2015,Petteri_Orpo
123,"Paasio, Heli",SDP,Heli,Paasio, ,2011-2015,Heli_Paasio
124,"Paatero, Sirpa",SDP,Sirpa,Paatero, Kehitysministeri;;,2011-2015,Sirpa_Paatero
125,"Packalén, Tom",Perussuomalaiset,Tom,Packalén, ,2011-2015,Tom_Packalén
126,"Palm, Sari",Kristillisdemokraatit,Sari,Palm, ,2011-2015,Sari_Palm
127,"Palola, Mikael",Kokoomus,Mikael,Palola, ,2011-2015,Mikael_Palola
128,"Paloniemi, Aila",Keskusta,Aila,Paloniemi, ,2011-2015,Aila_Paloniemi
129,"Pekkarinen, Mauri",Keskusta,Mauri,Pekkarinen, ,2011-2015,Mauri_Pekkarinen
130,"Pekonen, Aino-Kaisa",Vasemmistoliitto,Aino-Kaisa,Pekonen, ,2011-2015,Aino-Kaisa_Pekonen
131,"Pelkonen, Jaana",Kokoomus,Jaana,Pelkonen, ,2011-2015,Jaana_Pelkonen
132,"Peltokorpi, Terhi",Keskusta,Terhi,Peltokorpi, ,2011-2015,Terhi_Peltokorpi
133,"Peltonen, Tuula",SDP,Tuula,Peltonen, ,2011-2015,Tuula_Peltonen
134,"Piirainen, Raimo",SDP,Raimo,Piirainen, ,2011-2015,Raimo_Piirainen
135,"Pirttilahti, Arto",Keskusta,Arto,Pirttilahti, ,2011-2015,Arto_Pirttilahti
136,"Puumala, Tuomo",Keskusta,Tuomo,Puumala, ,2011-2015,Tuomo_Puumala
137,"Raatikainen, Mika",Perussuomalaiset,Mika,Raatikainen, ,2011-2015,Mika_Raatikainen
138,"Rajamäki, Kari",SDP,Kari,Rajamäki, ,2011-2015,Kari_Rajamäki
139,"Rantakangas, Antti",Keskusta,Antti,Rantakangas, ,2011-2015,Antti_Rantakangas
140,"Rauhala, Leena",Kristillisdemokraatit,Leena,Rauhala, ,2011-2015,Leena_Rauhala
141,"Ravi, Pekka",Kokoomus,Pekka,Ravi, ,2011-2015,Pekka_Ravi
142,"Rehula, Juha",Keskusta,Juha,Rehula, ,2011-2015,Juha_Rehula
143,"Reijonen, Eero",Keskusta,Eero,Reijonen, ,2011-2015,Eero_Reijonen
144,"Risikko, Paula",Kokoomus,Paula,Risikko, Sosiaali- ja terveysministeri;;Liikenne- ja kuntaministeri;;,2011-2015,Paula_Risikko
145,"Rossi, Markku",Keskusta,Markku,Rossi, ,2011-2015,Markku_Rossi
146,"Rundgren, Simo",Keskusta,Simo,Rundgren, ,2011-2015,Simo_Rundgren
147,"Ruohonen-Lerner, Pirkko",Perussuomalaiset,Pirkko,Ruohonen-Lerner, ,2011-2015,Pirkko_Ruohonen-Lerner
148,"Räsänen, Päivi",Kristillisdemokraatit,Päivi,Räsänen, Sisäasiainministeri;; Sisäministeri;;Sisäministeri;; Sisäministeri;;,2011-2015,Päivi_Räsänen
149,"Saarakkala, Vesa-Matti",Perussuomalaiset,Vesa-Matti,Saarakkala, ,2011-2015,Vesa-Matti_Saarakkala
150,"Saarikko, Annika",Keskusta,Annika,Saarikko, ,2011-2015,Annika_Saarikko
151,"Saarinen, Matti",SDP,Matti,Saarinen, ,2011-2015,Matti_Saarinen
152,"Salolainen, Pertti",Kokoomus,Pertti,Salolainen, ,2011-2015,Pertti_Salolainen
153,"Salonen, Kristiina",SDP,Kristiina,Salonen, ,2011-2015,Kristiina_Salonen
154,"Sankelo, Janne",Kokoomus,Janne,Sankelo, ,2011-2015,Janne_Sankelo
155,"Sarkomaa, Sari",Kokoomus,Sari,Sarkomaa, ,2011-2015,Sari_Sarkomaa
156,"Sasi, Kimmo",Kokoomus,Kimmo,Sasi, ,2011-2015,Kimmo_Sasi
157,"Satonen, Arto",Kokoomus,Arto,Satonen, ,2011-2015,Arto_Satonen
158,"Savola, Mikko",Keskusta,Mikko,Savola, ,2011-2015,Mikko_Savola
159,"Sinnemäki, Anni",Vihreät,Anni,Sinnemäki, ,2011-2015,Anni_Sinnemäki
160,"Sipilä, Juha",Keskusta,Juha,Sipilä, ,2011-2015,Juha_Sipilä
161,"Skinnari, Jouko",SDP,Jouko,Skinnari, ,2011-2015,Jouko_Skinnari
162,"Soini, Timo",Perussuomalaiset,Timo,Soini, ,2011-2015,Timo_Soini
163,"Soininvaara, Osmo",Vihreät,Osmo,Soininvaara, ,2011-2015,Osmo_Soininvaara
164,"Soukola, Ismo",Perussuomalaiset,Ismo,Soukola, ,2011-2015,Ismo_Soukola
165,"Stubb, Alexander",Kokoomus,Alexander,Stubb, Eurooppa- ja ulkomaankauppaministeri;;Pääministeri;;,2011-2015,Alexander_Stubb
166,"Sumuvuori, Johanna",Vihreät,Johanna,Sumuvuori, ,2011-2015,Johanna_Sumuvuori
167,"Suutari, Eero",Kokoomus,Eero,Suutari, ,2011-2015,Eero_Suutari
168,"Taimela, Katja",SDP,Katja,Taimela, ,2011-2015,Katja_Taimela
169,"Tainio, Hanna",SDP,Hanna,Tainio, ,2011-2015,Hanna_Tainio
170,"Thors, Astrid",RKP,Astrid,Thors, ,2011-2015,Astrid_Thors
171,"Tiainen, Eila",Vasemmistoliitto,Eila,Tiainen, ,2011-2015,Eila_Tiainen
172,"Tiilikainen, Kimmo",Keskusta,Kimmo,Tiilikainen, ,2011-2015,Kimmo_Tiilikainen
173,"Toivakka, Lenita",Kokoomus,Lenita,Toivakka, Eurooppa- ja ulkomaankauppaministeri;;,2011-2015,Lenita_Toivakka
174,"Toivola, Jani",Vihreät,Jani,Toivola, ,2011-2015,Jani_Toivola
175,"Tolppanen, Maria",Perussuomalaiset,Maria,Tolppanen, ,2011-2015,Maria_Tolppanen
176,"Tolvanen, Kari",Kokoomus,Kari,Tolvanen, ,2011-2015,Kari_Tolvanen
177,"Torniainen, Ari",Keskusta,Ari,Torniainen, ,2011-2015,Ari_Torniainen
178,"Tossavainen, Reijo",Perussuomalaiset,Reijo,Tossavainen, ,2011-2015,Reijo_Tossavainen
179,"Tuomioja, Erkki",SDP,Erkki,Tuomioja, Ulkoasiainministeri;;Ulkoasiainministeri;;,2011-2015,Erkki_Tuomioja
180,"Tuppurainen, Tytti",SDP,Tytti,Tuppurainen, ,2011-2015,Tytti_Tuppurainen
181,"Turunen, Kaj",Perussuomalaiset,Kaj,Turunen, ,2011-2015,Kaj_Turunen
182,"Tuupainen, Kauko",Perussuomalaiset,Kauko,Tuupainen, ,2011-2015,Kauko_Tuupainen
183,"Tynkkynen, Oras",Vihreät,Oras,Tynkkynen, ,2011-2015,Oras_Tynkkynen
184,"Tölli, Tapani",Keskusta,Tapani,Tölli, ,2011-2015,Tapani_Tölli
185,"Uotila, Kari",Vasemmistoliitto,Kari,Uotila, ,2011-2015,Kari_Uotila
186,"Urpalainen, Anu",Kokoomus,Anu,Urpalainen, ,2011-2015,Anu_Urpalainen
187,"Urpilainen, Jutta",SDP,Jutta,Urpilainen, Pääministerin sijainen;; Valtiovarainministeri;;,2011-2015,Jutta_Urpilainen
188,"Vahasalo, Raija",Kokoomus,Raija,Vahasalo, ,2011-2015,Raija_Vahasalo
189,"Vapaavuori, Jan",Kokoomus,Jan,Vapaavuori, Elinkeinoministeri;;Elinkeinoministeri;; Elinkeinoministeri;;,2011-2015,Jan_Vapaavuori
190,"Vehkaperä, Mirja",Keskusta,Mirja,Vehkaperä, ,2011-2015,Mirja_Vehkaperä
191,"Vehviläinen, Anu",Keskusta,Anu,Vehviläinen, ,2011-2015,Anu_Vehviläinen
192,"Viitamies, Pauliina",SDP,Pauliina,Viitamies, ,2011-2015,Pauliina_Viitamies
193,"Viitanen, Pia",SDP,Pia,Viitanen, Kulttuuri- ja asuntoministeri;; Asunto- ja viestintäministeri;;Kulttuuri- ja asuntoministeri;;,2011-2015,Pia_Viitanen
194,"Vikman, Sofia",Kokoomus,Sofia,Vikman, ,2011-2015,Sofia_Vikman
195,"Virkkunen, Henna",Kokoomus,Henna,Virkkunen, Hallinto- ja kuntaministeri;; Liikenne- ja kuntaministeri;;,2011-2015,Henna_Virkkunen
196,"Virolainen, Anne-Mari",Kokoomus,Anne-Mari,Virolainen, ,2011-2015,Anne-Mari_Virolainen
197,"Virtanen, Erkki",Vasemmistoliitto,Erkki,Virtanen, ,2011-2015,Erkki_Virtanen
198,"Virtanen, Pertti",Perussuomalaiset,Pertti,Virtanen, ,2011-2015,Pertti_Virtanen
199,"Vähämäki, Ville",Perussuomalaiset,Ville,Vähämäki, ,2011-2015,Ville_Vähämäki
200,"Väätäinen, Juha",Perussuomalaiset,Juha,Väätäinen, ,2011-2015,Juha_Väätäinen
201,"Väätäinen, Tuula",SDP,Tuula,Väätäinen, ,2011-2015,Tuula_Väätäinen
202,"Wallin, Harry",SDP,Harry,Wallin, ,2011-2015,Harry_Wallin
203,"Wallin, Stefan",RKP,Stefan,Wallin, Puolustusministeri;;,2011-2015,Stefan_Wallin
204,"Wallinheimo, Sinuhe",Kokoomus,Sinuhe,Wallinheimo, ,2011-2015,Sinuhe_Wallinheimo
205,"Wideroos, Ulla-Maj",RKP,Ulla-Maj,Wideroos, ,2011-2015,Ulla-Maj_Wideroos
206,"Yrttiaho, Jyrki",Vasenryhmä,Jyrki,Yrttiaho, ,2011-2015,Jyrki_Yrttiaho
207,"Zyskowicz, Ben",Kokoomus,Ben,Zyskowicz, ,2011-2015,Ben_Zyskowicz
208,"Östman, Peter",Kristillisdemokraatit,Peter,Östman, ,2011-2015,Peter_Östman
0,"Aalto, Touko",Vihreät,Touko,Aalto, ,2015-2019,Touko_Aalto
1,"Adlercreutz, Anders",RKP,Anders,Adlercreutz, ,2015-2019,Anders_Adlercreutz
2,"Ala-Nissilä, Olavi",Keskusta,Olavi,Ala-Nissilä, ,2015-2019,Olavi_Ala-Nissilä
3,"Alanko-Kahiluoto, Outi",Vihreät,Outi,Alanko-Kahiluoto, ,2015-2019,Outi_Alanko-Kahiluoto
4,"Alatalo, Mikko",Keskusta,Mikko,Alatalo, ,2015-2019,Mikko_Alatalo
5,"Andersson, Li",Vasemmistoliitto,Li,Andersson, ,2015-2019,Li_Andersson
6,"Anttila, Sirkka-Liisa",Keskusta,Sirkka-Liisa,Anttila, ,2015-2019,Sirkka-Liisa_Anttila
7,"Arhinmäki, Paavo",Vasemmistoliitto,Paavo,Arhinmäki, ,2015-2019,Paavo_Arhinmäki
8,"Berner, Anne",Keskusta,Anne,Berner, Liikenne- ja viestintäministeri;; Liikenne- ja viestintäministeri;;,2015-2019,Anne_Berner
9,"Biaudet, Eva",RKP,Eva,Biaudet, ,2015-2019,Eva_Biaudet
10,"Blomqvist, Thomas",RKP,Thomas,Blomqvist, ,2015-2019,Thomas_Blomqvist
11,"Eerola, Juho",Perussuomalaiset,Juho,Eerola, ,2015-2019,Juho_Eerola
12,"Eestilä, Markku",Kokoomus,Markku,Eestilä, ,2015-2019,Markku_Eestilä
13,"Elo, Simon",Siniset,Simon,Elo, ,2015-2019,Simon_Elo
14,"Elomaa, Ritva",Perussuomalaiset,Ritva,Elomaa, ,2015-2019,Ritva_Elomaa
15,"Eloranta, Eeva-Johanna",SDP,Eeva-Johanna,Eloranta, ,2015-2019,Eeva-Johanna_Eloranta
16,"Elovaara, Tiina",Siniset,Tiina,Elovaara, ,2015-2019,Tiina_Elovaara
17,"Essayah, Sari",Kristillisdemokraatit,Sari,Essayah, ,2015-2019,Sari_Essayah
18,"Feldt-Ranta, Maarit",SDP,Maarit,Feldt-Ranta, ,2015-2019,Maarit_Feldt-Ranta
19,"Filatov, Tarja",SDP,Tarja,Filatov, ,2015-2019,Tarja_Filatov
20,"Grahn-Laasonen, Sanni",Kokoomus,Sanni,Grahn-Laasonen, Opetusministeri;; Opetus- ja kulttuuriministeri;;,2015-2019,Sanni_Grahn-Laasonen
21,"Gustafsson, Jukka",SDP,Jukka,Gustafsson, ,2015-2019,Jukka_Gustafsson
22,"Guzenina, Maria",SDP,Maria,Guzenina, ,2015-2019,Maria_Guzenina
23,"Haatainen, Tuula",SDP,Tuula,Haatainen, ,2015-2019,Tuula_Haatainen
24,"Haavisto, Pekka",Vihreät,Pekka,Haavisto, ,2015-2019,Pekka_Haavisto
25,"Haglund, Carl",RKP,Carl,Haglund, ,2015-2019,Carl_Haglund
26,"Hakanen, Pertti",Keskusta,Pertti,Hakanen, ,2015-2019,Pertti_Hakanen
27,"Hakkarainen, Teuvo",Perussuomalaiset,Teuvo,Hakkarainen, ,2015-2019,Teuvo_Hakkarainen
28,"Halmeenpää, Hanna",Vihreät,Hanna,Halmeenpää, ,2015-2019,Hanna_Halmeenpää
29,"Harakka, Timo",SDP,Timo,Harakka, ,2015-2019,Timo_Harakka
30,"Harkimo, Harry",Liike Nyt,Harry,Harkimo, ,2015-2019,Harry_Harkimo
31,"Hassi, Satu",Vihreät,Satu,Hassi, ,2015-2019,Satu_Hassi
32,"Hautala, Lasse",Keskusta,Lasse,Hautala, ,2015-2019,Lasse_Hautala
33,"Heikkinen, Hannakaisa",Keskusta,Hannakaisa,Heikkinen, ,2015-2019,Hannakaisa_Heikkinen
34,"Heinonen, Timo",Kokoomus,Timo,Heinonen, ,2015-2019,Timo_Heinonen
35,"Heinäluoma, Eero",SDP,Eero,Heinäluoma, ,2015-2019,Eero_Heinäluoma
36,"Henriksson, Anna-Maja",RKP,Anna-Maja,Henriksson, ,2015-2019,Anna-Maja_Henriksson
37,"Hongisto, Reijo",Siniset,Reijo,Hongisto, ,2015-2019,Reijo_Hongisto
38,"Honkonen, Petri",Keskusta,Petri,Honkonen, ,2015-2019,Petri_Honkonen
39,"Hoskonen, Hannu",Keskusta,Hannu,Hoskonen, ,2015-2019,Hannu_Hoskonen
40,"Huhtasaari, Laura",Perussuomalaiset,Laura,Huhtasaari, ,2015-2019,Laura_Huhtasaari
41,"Huovinen, Susanna",SDP,Susanna,Huovinen, ,2015-2019,Susanna_Huovinen
42,"Häkkänen, Antti",Kokoomus,Antti,Häkkänen, Oikeusministeri;;,2015-2019,Antti_Häkkänen
43,"Hänninen, Katja",Vasemmistoliitto,Katja,Hänninen, ,2015-2019,Katja_Hänninen
44,"Ihalainen, Lauri",SDP,Lauri,Ihalainen, ,2015-2019,Lauri_Ihalainen
45,"Immonen, Olli",Perussuomalaiset,Olli,Immonen, ,2015-2019,Olli_Immonen
46,"Jalonen, Ari",Siniset,Ari,Jalonen, ,2015-2019,Ari_Jalonen
47,"Jarva, Marisanna",Keskusta,Marisanna,Jarva, ,2015-2019,Marisanna_Jarva
48,"Jaskari, Harri",Kokoomus,Harri,Jaskari, ,2015-2019,Harri_Jaskari
49,"Jokinen, Kalle",Kokoomus,Kalle,Jokinen, ,2015-2019,Kalle_Jokinen
50,"Juhantalo, Kauko",Keskusta,Kauko,Juhantalo, ,2015-2019,Kauko_Juhantalo
51,"Juvonen, Arja",Perussuomalaiset,Arja,Juvonen, ,2015-2019,Arja_Juvonen
52,"Järvinen, Heli",Vihreät,Heli,Järvinen, ,2015-2019,Heli_Järvinen
53,"Kaikkonen, Antti",Keskusta,Antti,Kaikkonen, ,2015-2019,Antti_Kaikkonen
54,"Kalli, Timo",Keskusta,Timo,Kalli, ,2015-2019,Timo_Kalli
55,"Kalmari, Anne",Keskusta,Anne,Kalmari, ,2015-2019,Anne_Kalmari
56,"Kanerva, Ilkka",Kokoomus,Ilkka,Kanerva, ,2015-2019,Ilkka_Kanerva
57,"Kankaanniemi, Toimi",Perussuomalaiset,Toimi,Kankaanniemi, ,2015-2019,Toimi_Kankaanniemi
58,"Kantola, Ilkka",SDP,Ilkka,Kantola, ,2015-2019,Ilkka_Kantola
59,"Kari, Emma",Vihreät,Emma,Kari, ,2015-2019,Emma_Kari
60,"Kari, Mika",SDP,Mika,Kari, ,2015-2019,Mika_Kari
61,"Karimäki, Johanna",Vihreät,Johanna,Karimäki, ,2015-2019,Johanna_Karimäki
62,"Kasvi, Jyrki",Vihreät,Jyrki,Kasvi, ,2015-2019,Jyrki_Kasvi
63,"Katainen, Elsi",Keskusta,Elsi,Katainen, ,2015-2019,Elsi_Katainen
64,"Kauma, Pia",Kokoomus,Pia,Kauma, ,2015-2019,Pia_Kauma
65,"Keränen, Niilo",Keskusta,Niilo,Keränen, ,2015-2019,Niilo_Keränen
66,"Kiljunen, Anneli",SDP,Anneli,Kiljunen, ,2015-2019,Anneli_Kiljunen
67,"Kiuru, Krista",SDP,Krista,Kiuru, ,2015-2019,Krista_Kiuru
68,"Kiuru, Pauli",Kokoomus,Pauli,Kiuru, ,2015-2019,Pauli_Kiuru
69,"Kivelä, Kimmo",Siniset,Kimmo,Kivelä, ,2015-2019,Kimmo_Kivelä
70,"Kiviranta, Esko",Keskusta,Esko,Kiviranta, ,2015-2019,Esko_Kiviranta
71,"Kontula, Anna",Vasemmistoliitto,Anna,Kontula, ,2015-2019,Anna_Kontula
72,"Kopra, Jukka",Kokoomus,Jukka,Kopra, ,2015-2019,Jukka_Kopra
73,"Korhonen, Timo",Keskusta,Timo,Korhonen, ,2015-2019,Timo_Korhonen
74,"Koski, Susanna",Kokoomus,Susanna,Koski, ,2015-2019,Susanna_Koski
75,"Kosonen, Hanna",Keskusta,Hanna,Kosonen, ,2015-2019,Hanna_Kosonen
76,"Kulmala, Kari",Siniset,Kari,Kulmala, ,2015-2019,Kari_Kulmala
77,"Kulmuni, Katri",Keskusta,Katri,Kulmuni, ,2015-2019,Katri_Kulmuni
78,"Kurvinen, Antti",Keskusta,Antti,Kurvinen, ,2015-2019,Antti_Kurvinen
79,"Kymäläinen, Suna",SDP,Suna,Kymäläinen, ,2015-2019,Suna_Kymäläinen
80,"Kärnä, Mikko",Keskusta,Mikko,Kärnä, ,2015-2019,Mikko_Kärnä
81,"Kääriäinen, Seppo",Keskusta,Seppo,Kääriäinen, ,2015-2019,Seppo_Kääriäinen
82,"Laiho, Mia",Kokoomus,Mia,Laiho, ,2015-2019,Mia_Laiho
83,"Laitinen-Pesola, Jaana",Kokoomus,Jaana,Laitinen-Pesola, ,2015-2019,Jaana_Laitinen-Pesola
84,"Lapintie, Annika",Vasemmistoliitto,Annika,Lapintie, ,2015-2019,Annika_Lapintie
85,"Laukkanen, Antero",Kristillisdemokraatit,Antero,Laukkanen, ,2015-2019,Antero_Laukkanen
86,"Lauslahti, Sanna",Kokoomus,Sanna,Lauslahti, ,2015-2019,Sanna_Lauslahti
87,"Lehti, Eero",Kokoomus,Eero,Lehti, ,2015-2019,Eero_Lehti
88,"Lehto, Rami",Perussuomalaiset,Rami,Lehto, ,2015-2019,Rami_Lehto
89,"Lehtomäki, Paula",Keskusta,Paula,Lehtomäki, ,2015-2019,Paula_Lehtomäki
90,"Lepomäki, Elina",Kokoomus,Elina,Lepomäki, ,2015-2019,Elina_Lepomäki
91,"Leppä, Jari",Keskusta,Jari,Leppä, Maa- ja metsätalousministeri;;,2015-2019,Jari_Leppä
92,"Lindström, Jari",Siniset,Jari,Lindström, Oikeus- ja työministeri;; Työministeri;; Työministeri;;,2015-2019,Jari_Lindström
93,"Lindtman, Antti",SDP,Antti,Lindtman, ,2015-2019,Antti_Lindtman
94,"Lintilä, Mika",Keskusta,Mika,Lintilä, Elinkeinoministeri;; Elinkeinoministeri;;,2015-2019,Mika_Lintilä
95,"Lohela, Maria",Liike Nyt,Maria,Lohela, ,2015-2019,Maria_Lohela
96,"Lohi, Markus",Keskusta,Markus,Lohi, ,2015-2019,Markus_Lohi
97,"Louhelainen, Anne",Siniset,Anne,Louhelainen, ,2015-2019,Anne_Louhelainen
98,"Löfström, Mats",Åländsk Samling,Mats,Löfström, ,2015-2019,Mats_Löfström
99,"Maijala, Eeva-Maria",Keskusta,Eeva-Maria,Maijala, ,2015-2019,Eeva-Maria_Maijala
100,"Marin, Sanna",SDP,Sanna,Marin, ,2015-2019,Sanna_Marin
101,"Mattila, Hanna-Leena",Keskusta,Hanna-Leena,Mattila, ,2015-2019,Hanna-Leena_Mattila
102,"Mattila, Pirkko",Siniset,Pirkko,Mattila, Sosiaali- ja terveysministeri;; Sosiaali- ja terveysministeri;;,2015-2019,Pirkko_Mattila
103,"Meri, Leena",Perussuomalaiset,Leena,Meri, ,2015-2019,Leena_Meri
104,"Mikkonen, Krista",Vihreät,Krista,Mikkonen, ,2015-2019,Krista_Mikkonen
105,"Modig, Silvia",Vasemmistoliitto,Silvia,Modig, ,2015-2019,Silvia_Modig
106,"Multala, Sari",Kokoomus,Sari,Multala, ,2015-2019,Sari_Multala
107,"Mustajärvi, Markus",Vasemmistoliitto,Markus,Mustajärvi, ,2015-2019,Markus_Mustajärvi
108,"Mykkänen, Kai",Kokoomus,Kai,Mykkänen, Ulkomaankauppa- ja kehitysministeri;; Sisäministeri;;,2015-2019,Kai_Mykkänen
109,"Myller, Riitta",SDP,Riitta,Myller, ,2015-2019,Riitta_Myller
110,"Myllykoski, Jari",Vasemmistoliitto,Jari,Myllykoski, ,2015-2019,Jari_Myllykoski
111,"Mäkelä, Jani",Perussuomalaiset,Jani,Mäkelä, ,2015-2019,Jani_Mäkelä
112,"Mäkelä, Outi",Kokoomus,Outi,Mäkelä, ,2015-2019,Outi_Mäkelä
113,"Mäkinen, Riitta",SDP,Riitta,Mäkinen, ,2015-2019,Riitta_Mäkinen
114,"Mäkipää, Lea",Siniset,Lea,Mäkipää, ,2015-2019,Lea_Mäkipää
115,"Mäkisalo-Ropponen, Merja",SDP,Merja,Mäkisalo-Ropponen, ,2015-2019,Merja_Mäkisalo-Ropponen
116,"Mäntylä, Hanna",Siniset,Hanna,Mäntylä, Sosiaali- ja terveysministeri;;,2015-2019,Hanna_Mäntylä
117,"Mölsä, Martti",Siniset,Martti,Mölsä, ,2015-2019,Martti_Mölsä
118,"Niikko, Mika",Perussuomalaiset,Mika,Niikko, ,2015-2019,Mika_Niikko
119,"Niinistö, Jussi",Siniset,Jussi,Niinistö, Puolustusministeri;; Puolustusministeri;;,2015-2019,Jussi_Niinistö
120,"Niinistö, Ville",Vihreät,Ville,Niinistö, ,2015-2019,Ville_Niinistö
121,"Nivala, Eija",Keskusta,Eija,Nivala, ,2015-2019,Eija_Nivala
122,"Nurminen, Ilmari",SDP,Ilmari,Nurminen, ,2015-2019,Ilmari_Nurminen
123,"Nylander, Mikaela",RKP,Mikaela,Nylander, ,2015-2019,Mikaela_Nylander
124,"Nylund, Mats",RKP,Mats,Nylund, ,2015-2019,Mats_Nylund
125,"Oinonen, Pentti",Siniset,Pentti,Oinonen, ,2015-2019,Pentti_Oinonen
126,"Ojala-Niemelä, Johanna",SDP,Johanna,Ojala-Niemelä, ,2015-2019,Johanna_Ojala-Niemelä
127,"Orpo, Petteri",Kokoomus,Petteri,Orpo, Pääministerin sijainen;; Sisäministeri;; Valtiovarainministeri;;,2015-2019,Petteri_Orpo
128,"Paatero, Sirpa",SDP,Sirpa,Paatero, ,2015-2019,Sirpa_Paatero
129,"Packalén, Tom",Perussuomalaiset,Tom,Packalén, ,2015-2019,Tom_Packalén
130,"Pakkanen, Markku",Keskusta,Markku,Pakkanen, ,2015-2019,Markku_Pakkanen
131,"Paloniemi, Aila",Keskusta,Aila,Paloniemi, ,2015-2019,Aila_Paloniemi
132,"Parviainen, Olli-Poika",Vihreät,Olli-Poika,Parviainen, ,2015-2019,Olli-Poika_Parviainen
133,"Parviainen, Ulla",Keskusta,Ulla,Parviainen, ,2015-2019,Ulla_Parviainen
134,"Pekkarinen, Mauri",Keskusta,Mauri,Pekkarinen, ,2015-2019,Mauri_Pekkarinen
135,"Pekonen, Aino-Kaisa",Vasemmistoliitto,Aino-Kaisa,Pekonen, ,2015-2019,Aino-Kaisa_Pekonen
136,"Pelkonen, Jaana",Kokoomus,Jaana,Pelkonen, ,2015-2019,Jaana_Pelkonen
137,"Pirttilahti, Arto",Keskusta,Arto,Pirttilahti, ,2015-2019,Arto_Pirttilahti
138,"Puska, Pekka",Keskusta,Pekka,Puska, ,2015-2019,Pekka_Puska
139,"Puumala, Tuomo",Keskusta,Tuomo,Puumala, ,2015-2019,Tuomo_Puumala
140,"Pylväs, Juha",Keskusta,Juha,Pylväs, ,2015-2019,Juha_Pylväs
141,"Raassina, Sari",Kokoomus,Sari,Raassina, ,2015-2019,Sari_Raassina
142,"Raatikainen, Mika",Perussuomalaiset,Mika,Raatikainen, ,2015-2019,Mika_Raatikainen
143,"Rantakangas, Antti",Keskusta,Antti,Rantakangas, ,2015-2019,Antti_Rantakangas
144,"Razmyar, Nasima",SDP,Nasima,Razmyar, ,2015-2019,Nasima_Razmyar
145,"Rehn, Olli",Keskusta,Olli,Rehn, Elinkeinoministeri;;,2015-2019,Olli_Rehn
146,"Rehn-Kivi, Veronica",RKP,Veronica,Rehn-Kivi, ,2015-2019,Veronica_Rehn-Kivi
147,"Rehula, Juha",Keskusta,Juha,Rehula, Perhe- ja peruspalveluministeri;;,2015-2019,Juha_Rehula
148,"Reijonen, Eero",Keskusta,Eero,Reijonen, ,2015-2019,Eero_Reijonen
149,"Rinne, Antti",SDP,Antti,Rinne, ,2015-2019,Antti_Rinne
150,"Risikko, Paula",Kokoomus,Paula,Risikko, Sisäministeri;;,2015-2019,Paula_Risikko
151,"Ronkainen, Jari",Perussuomalaiset,Jari,Ronkainen, ,2015-2019,Jari_Ronkainen
152,"Rossi, Markku",Keskusta,Markku,Rossi, ,2015-2019,Markku_Rossi
153,"Ruoho, Veera",Kokoomus,Veera,Ruoho, ,2015-2019,Veera_Ruoho
154,"Ruohonen-Lerner, Pirkko",Perussuomalaiset,Pirkko,Ruohonen-Lerner, ,2015-2019,Pirkko_Ruohonen-Lerner
155,"Rydman, Wille",Kokoomus,Wille,Rydman, ,2015-2019,Wille_Rydman
156,"Räsänen, Joona",SDP,Joona,Räsänen, ,2015-2019,Joona_Räsänen
157,"Räsänen, Päivi",Kristillisdemokraatit,Päivi,Räsänen, ,2015-2019,Päivi_Räsänen
158,"Saarakkala, Vesa-Matti",Siniset,Vesa-Matti,Saarakkala, ,2015-2019,Vesa-Matti_Saarakkala
159,"Saarikko, Annika",Keskusta,Annika,Saarikko, Perhe- ja peruspalveluministeri;;,2015-2019,Annika_Saarikko
160,"Salolainen, Pertti",Kokoomus,Pertti,Salolainen, ,2015-2019,Pertti_Salolainen
161,"Salonen, Kristiina",SDP,Kristiina,Salonen, ,2015-2019,Kristiina_Salonen
162,"Sarkkinen, Hanna",Vasemmistoliitto,Hanna,Sarkkinen, ,2015-2019,Hanna_Sarkkinen
163,"Sarkomaa, Sari",Kokoomus,Sari,Sarkomaa, ,2015-2019,Sari_Sarkomaa
164,"Satonen, Arto",Kokoomus,Arto,Satonen, ,2015-2019,Arto_Satonen
165,"Savio, Sami",Perussuomalaiset,Sami,Savio, ,2015-2019,Sami_Savio
166,"Savola, Mikko",Keskusta,Mikko,Savola, ,2015-2019,Mikko_Savola
167,"Semi, Matti",Vasemmistoliitto,Matti,Semi, ,2015-2019,Matti_Semi
168,"Sipilä, Juha",Keskusta,Juha,Sipilä, Pääministeri;;,2015-2019,Juha_Sipilä
169,"Sirén, Saara-Sofia",Kokoomus,Saara-Sofia,Sirén, ,2015-2019,Saara-Sofia_Sirén
170,"Skinnari, Ville",SDP,Ville,Skinnari, ,2015-2019,Ville_Skinnari
171,"Soini, Timo",Siniset,Timo,Soini, Pääministerin sijainen;; Ulkoministeri;; Ulkoasiainministeri;; Ulkoasiainministeri;; Ulkoasiainministeri;;,2015-2019,Timo_Soini
172,"Strand, Joakim",RKP,Joakim,Strand, ,2015-2019,Joakim_Strand
173,"Stubb, Alexander",Kokoomus,Alexander,Stubb, Valtiovarainministeri;;,2015-2019,Alexander_Stubb
174,"Suutari, Eero",Kokoomus,Eero,Suutari, ,2015-2019,Eero_Suutari
175,"Taavitsainen, Satu",SDP,Satu,Taavitsainen, ,2015-2019,Satu_Taavitsainen
176,"Taimela, Katja",SDP,Katja,Taimela, ,2015-2019,Katja_Taimela
177,"Talja, Martti",Keskusta,Martti,Talja, ,2015-2019,Martti_Talja
178,"Talvitie, Mari-Leena",Kokoomus,Mari-Leena,Talvitie, ,2015-2019,Mari-Leena_Talvitie
179,"Tanus, Sari",Kristillisdemokraatit,Sari,Tanus, ,2015-2019,Sari_Tanus
180,"Tavio, Ville",Perussuomalaiset,Ville,Tavio, ,2015-2019,Ville_Tavio
181,"Terho, Sampo",Siniset,Sampo,Terho," Eurooppa-, kulttuuri- ja urheiluministeri;; Eurooppa-, kulttuuri- ja urheiluministeri;;",2015-2019,Sampo_Terho
182,"Tiilikainen, Kimmo",Keskusta,Kimmo,Tiilikainen," Maatalous- ja ympäristöministeri;; Asunto-, energia- ja ympäristöministeri;;",2015-2019,Kimmo_Tiilikainen
183,"Toivakka, Lenita",Kokoomus,Lenita,Toivakka, Ulkomaankauppa- ja kehitysministeri;;,2015-2019,Lenita_Toivakka
184,"Toivola, Jani",Vihreät,Jani,Toivola, ,2015-2019,Jani_Toivola
185,"Tolppanen, Maria",SDP,Maria,Tolppanen, ,2015-2019,Maria_Tolppanen
186,"Tolvanen, Kari",Kokoomus,Kari,Tolvanen, ,2015-2019,Kari_Tolvanen
187,"Torniainen, Ari",Keskusta,Ari,Torniainen, ,2015-2019,Ari_Torniainen
188,"Torsti, Pilvi",SDP,Pilvi,Torsti, ,2015-2019,Pilvi_Torsti
189,"Torvinen, Matti",Siniset,Matti,Torvinen, ,2015-2019,Matti_Torvinen
190,"Tuomioja, Erkki",SDP,Erkki,Tuomioja, ,2015-2019,Erkki_Tuomioja
191,"Tuppurainen, Tytti",SDP,Tytti,Tuppurainen, ,2015-2019,Tytti_Tuppurainen
192,"Turunen, Kaj",Kokoomus,Kaj,Turunen, ,2015-2019,Kaj_Turunen
193,"Tölli, Tapani",Keskusta,Tapani,Tölli, ,2015-2019,Tapani_Tölli
194,"Uotila, Kari",Vasemmistoliitto,Kari,Uotila, ,2015-2019,Kari_Uotila
195,"Urpilainen, Jutta",SDP,Jutta,Urpilainen, ,2015-2019,Jutta_Urpilainen
196,"Vahasalo, Raija",Kokoomus,Raija,Vahasalo, ,2015-2019,Raija_Vahasalo
197,"Vanhanen, Matti",Keskusta,Matti,Vanhanen, ,2015-2019,Matti_Vanhanen
198,"Vartiainen, Juhana",Kokoomus,Juhana,Vartiainen, ,2015-2019,Juhana_Vartiainen
199,"Vartia, Antero",Vihreät,Antero,Vartia, ,2015-2019,Antero_Vartia
200,"Vehkaperä, Mirja",Keskusta,Mirja,Vehkaperä, ,2015-2019,Mirja_Vehkaperä
201,"Vehviläinen, Anu",Keskusta,Anu,Vehviläinen, Kunta- ja liikenneministeri;; Kunta- ja uudistusministeri;;,2015-2019,Anu_Vehviläinen
202,"Viitanen, Pia",SDP,Pia,Viitanen, ,2015-2019,Pia_Viitanen
203,"Vikman, Sofia",Kokoomus,Sofia,Vikman, ,2015-2019,Sofia_Vikman
204,"Viljanen, Eerikki",Keskusta,Eerikki,Viljanen, ,2015-2019,Eerikki_Viljanen
205,"Virolainen, Anne-Mari",Kokoomus,Anne-Mari,Virolainen, Ulkomaankauppa- ja kehitysministeri;;,2015-2019,Anne-Mari_Virolainen
206,"Vähämäki, Ville",Perussuomalaiset,Ville,Vähämäki, ,2015-2019,Ville_Vähämäki
207,"Väyrynen, Paavo",Tähtiliike,Paavo,Väyrynen, ,2015-2019,Paavo_Väyrynen
208,"Wallin, Harry",SDP,Harry,Wallin, ,2015-2019,Harry_Wallin
209,"Wallin, Stefan",RKP,Stefan,Wallin, ,2015-2019,Stefan_Wallin
210,"Wallinheimo, Sinuhe",Kokoomus,Sinuhe,Wallinheimo, ,2015-2019,Sinuhe_Wallinheimo
211,"Yanar, Ozan",Vihreät,Ozan,Yanar, ,2015-2019,Ozan_Yanar
212,"Zyskowicz, Ben",Kokoomus,Ben,Zyskowicz, ,2015-2019,Ben_Zyskowicz
213,"Östman, Peter",Kristillisdemokraatit,Peter,Östman, ,2015-2019,Peter_Östman
